12,517,11,,,,,,,,,,,,,,,,,,,,,,,,,,,,,,,,,,,,,,,,,,,,,,,
,,,,,,,,,,,,,,,,,,,,,,,,,,,,,,,,,,,,,,,,,,,,,,,,,
Isolates,Pop,D13,D13,D13,D13,G11,G11,G11,G11,Pi04,Pi04,Pi04,Pi04,Pi4B,Pi4B,Pi4B,Pi4B,Pi63,Pi63,Pi63,Pi63,Pi70,Pi70,Pi70,Pi70,SSR11,SSR11,SSR11,SSR11,SSR2,SSR2,SSR2,SSR2,SSR3,SSR3,SSR3,SSR3,SSR4,SSR4,SSR4,SSR4,SSR6,SSR6,SSR6,SSR6,SSR8,SSR8,SSR8,SSR8
CHG16,Chapingo_2015,0,0,0,0,156,156,0,0,166,166,0,0,209,213,0,0,279,279,0,0,192,192,0,0,346,356,0,0,173,173,0,0,266,266,0,0,289,291,0,0,244,244,0,0,264,266,0,0
CHG1,Chapingo_2015,148,148,0,0,138,156,0,0,166,166,0,0,209,217,0,0,273,279,0,0,192,192,0,0,331,331,0,0,173,173,0,0,260,268,0,0,285,297,0,0,244,244,0,0,264,266,0,0
CHG10,Chapingo_2015,172,174,0,0,156,160,0,0,166,166,0,0,209,213,0,0,279,279,0,0,192,192,0,0,346,356,0,0,173,173,0,0,266,266,0,0,291,291,0,0,244,244,0,0,264,266,0,0
CHG11,Chapingo_2015,0,0,0,0,156,156,0,0,166,166,0,0,209,213,0,0,279,279,0,0,192,192,0,0,346,356,0,0,173,173,0,0,266,266,0,0,289,291,0,0,244,244,0,0,264,266,0,0
CHG12,Chapingo_2015,140,140,0,0,152,210,0,0,166,166,0,0,209,213,0,0,270,279,0,0,192,192,0,0,341,356,0,0,171,173,0,0,266,268,0,0,285,291,0,0,244,244,0,0,260,266,0,0
CHG13,Chapingo_2015,140,140,0,0,152,210,0,0,166,166,0,0,209,213,0,0,270,279,0,0,192,192,0,0,341,356,0,0,171,173,0,0,266,268,0,0,285,291,0,0,244,244,0,0,260,266,0,0
CHG3,Chapingo_2015,110,110,0,0,138,138,0,0,166,170,0,0,213,217,0,0,273,279,0,0,192,192,0,0,341,356,0,0,173,173,0,0,266,268,0,0,289,313,0,0,242,244,0,0,260,266,0,0
CHG4,Chapingo_2015,148,148,0,0,138,156,0,0,166,166,0,0,209,217,0,0,273,279,0,0,192,192,0,0,331,331,0,0,173,173,0,0,260,268,0,0,285,297,0,0,244,244,0,0,264,266,0,0
CHG6,Chapingo_2015,108,110,0,0,138,138,0,0,166,170,0,0,213,217,0,0,273,279,0,0,192,192,0,0,341,356,0,0,173,173,0,0,268,268,0,0,289,315,0,0,242,244,0,0,260,266,0,0
CHG7,Chapingo_2015,0,0,0,0,156,156,0,0,166,166,0,0,209,213,0,0,279,279,0,0,192,192,0,0,346,356,0,0,173,173,0,0,266,266,0,0,289,291,0,0,244,244,0,0,264,266,0,0
CHG8,Chapingo_2015,0,0,0,0,156,156,0,0,166,166,0,0,209,213,0,0,279,279,0,0,192,192,0,0,346,356,0,0,173,173,0,0,266,266,0,0,289,291,0,0,244,244,0,0,264,266,0,0
CHCL14,Chapingo_2015,172,174,0,0,156,160,0,0,166,170,0,0,209,213,0,0,270,279,0,0,192,192,0,0,341,356,0,0,173,173,0,0,258,262,0,0,291,291,0,0,244,244,0,0,266,266,0,0
CHCL15,Chapingo_2015,0,0,0,0,156,156,0,0,166,166,0,0,209,213,0,0,279,279,0,0,192,192,0,0,346,356,0,0,173,173,0,0,266,266,0,0,289,291,0,0,244,244,0,0,264,266,0,0
CHCL17,Chapingo_2015,172,174,0,0,156,160,0,0,166,170,0,0,209,213,0,0,270,279,0,0,192,192,0,0,341,356,0,0,173,173,0,0,258,262,0,0,291,291,0,0,244,244,0,0,266,266,0,0
CHCL18,Chapingo_2015,0,0,0,0,156,156,0,0,166,166,0,0,209,213,0,0,279,279,0,0,192,192,0,0,346,356,0,0,173,173,0,0,266,266,0,0,291,293,0,0,244,244,0,0,264,266,0,0
CHCL19,Chapingo_2015,112,190,0,0,152,154,0,0,170,170,0,0,213,217,0,0,279,279,0,0,192,192,0,0,356,356,0,0,173,175,0,0,258,266,0,0,289,293,0,0,244,250,0,0,260,266,0,0
CHCL2,Chapingo_2015,148,148,0,0,138,156,0,0,166,166,0,0,209,217,0,0,273,279,0,0,192,192,0,0,331,331,0,0,173,173,0,0,260,268,0,0,285,297,0,0,244,244,0,0,264,266,0,0
CHCL20,Chapingo_2015,144,144,0,0,162,162,0,0,170,170,0,0,209,213,0,0,270,273,0,0,192,192,0,0,331,356,0,0,173,173,0,0,262,264,0,0,285,289,0,0,244,244,0,0,260,266,0,0
CHCL21,Chapingo_2015,0,0,0,0,156,156,0,0,166,166,0,0,209,213,0,0,279,279,0,0,192,192,0,0,346,356,0,0,173,173,0,0,266,266,0,0,289,291,0,0,244,244,0,0,264,266,0,0
CHCL22,Chapingo_2015,148,148,0,0,138,156,0,0,166,166,0,0,209,217,0,0,273,279,0,0,192,192,0,0,331,331,0,0,173,173,0,0,260,268,0,0,285,297,0,0,244,244,0,0,264,266,0,0
CHCL24,Chapingo_2015,148,148,0,0,138,156,0,0,166,166,0,0,209,217,0,0,273,279,0,0,192,192,0,0,331,331,0,0,173,173,0,0,260,268,0,0,285,297,0,0,244,244,0,0,264,266,0,0
CHCL25,Chapingo_2015,0,0,0,0,156,156,0,0,166,166,0,0,209,213,0,0,279,279,0,0,192,192,0,0,346,356,0,0,173,173,0,0,266,266,0,0,289,291,0,0,244,244,0,0,264,266,0,0
CHCL26,Chapingo_2015,0,0,0,0,156,156,0,0,166,166,0,0,209,213,0,0,279,279,0,0,192,192,0,0,346,356,0,0,173,173,0,0,266,266,0,0,289,291,0,0,244,244,0,0,264,266,0,0
CHCL28,Chapingo_2015,148,148,0,0,138,156,0,0,166,166,0,0,209,217,0,0,273,279,0,0,192,192,0,0,331,331,0,0,173,173,0,0,260,268,0,0,285,297,0,0,244,244,0,0,264,266,0,0
CHCL29,Chapingo_2015,148,148,0,0,138,156,0,0,166,166,0,0,209,217,0,0,273,279,0,0,192,192,0,0,331,331,0,0,173,173,0,0,260,268,0,0,285,297,0,0,244,244,0,0,264,266,0,0
CHCL31,Chapingo_2015,148,148,0,0,138,156,0,0,166,166,0,0,209,217,0,0,273,279,0,0,192,192,0,0,331,331,0,0,173,173,0,0,260,268,0,0,285,297,0,0,244,244,0,0,264,266,0,0
CHCL34,Chapingo_2015,148,148,0,0,138,156,0,0,166,166,0,0,209,217,0,0,273,279,0,0,192,192,0,0,331,331,0,0,173,173,0,0,260,268,0,0,285,297,0,0,244,244,0,0,264,266,0,0
CHCL37,Chapingo_2015,0,0,0,0,156,156,0,0,166,166,0,0,209,213,0,0,279,279,0,0,192,192,0,0,346,356,0,0,173,173,0,0,266,266,0,0,289,291,0,0,244,244,0,0,264,266,0,0
CHCL38,Chapingo_2015,0,0,0,0,156,156,0,0,166,166,0,0,209,213,0,0,279,279,0,0,192,192,0,0,346,356,0,0,173,173,0,0,266,266,0,0,289,291,0,0,244,244,0,0,264,266,0,0
CHCL39,Chapingo_2015,0,0,0,0,156,156,0,0,166,166,0,0,209,213,0,0,279,279,0,0,192,192,0,0,346,356,0,0,173,173,0,0,266,266,0,0,289,291,0,0,244,244,0,0,264,266,0,0
CHCL7,Chapingo_2015,148,148,0,0,138,156,0,0,166,166,0,0,209,217,0,0,273,279,0,0,192,192,0,0,331,331,0,0,173,173,0,0,260,268,0,0,285,297,0,0,244,244,0,0,264,266,0,0
CHG14,Chapingo_2015,0,0,0,0,156,156,0,0,166,166,0,0,209,213,0,0,279,279,0,0,192,192,0,0,346,356,0,0,173,173,0,0,266,266,0,0,289,291,0,0,244,244,0,0,264,266,0,0
CHG15,Chapingo_2015,172,174,0,0,156,160,0,0,166,170,0,0,209,213,0,0,270,279,0,0,192,192,0,0,341,356,0,0,173,173,0,0,258,262,0,0,291,291,0,0,244,244,0,0,266,266,0,0
CHG19,Chapingo_2015,0,0,0,0,156,156,0,0,166,166,0,0,209,213,0,0,279,279,0,0,192,192,0,0,346,356,0,0,173,173,0,0,266,266,0,0,289,291,0,0,244,244,0,0,264,266,0,0
CHG20,Chapingo_2015,148,148,0,0,138,156,0,0,166,166,0,0,209,217,0,0,273,279,0,0,192,192,0,0,331,331,0,0,173,173,0,0,260,268,0,0,285,297,0,0,244,244,0,0,264,266,0,0
CHG21,Chapingo_2015,108,110,0,0,138,138,0,0,166,170,0,0,213,217,0,0,273,279,0,0,192,192,0,0,341,356,0,0,173,173,0,0,268,268,0,0,289,313,0,0,242,244,0,0,260,266,0,0
CHG22,Chapingo_2015,172,174,0,0,156,160,0,0,166,170,0,0,209,213,0,0,270,279,0,0,192,192,0,0,341,356,0,0,173,173,0,0,258,262,0,0,291,291,0,0,244,244,0,0,266,266,0,0
CHG25,Chapingo_2015,0,0,0,0,156,156,0,0,166,166,0,0,209,213,0,0,279,279,0,0,192,192,0,0,346,356,0,0,173,173,0,0,266,266,0,0,289,291,0,0,244,244,0,0,264,266,0,0
CHG29,Chapingo_2015,148,148,0,0,138,156,0,0,166,166,0,0,209,217,0,0,273,279,0,0,192,192,0,0,331,331,0,0,173,173,0,0,260,268,0,0,285,297,0,0,244,244,0,0,264,266,0,0
CHG30,Chapingo_2015,172,174,0,0,156,160,0,0,166,170,0,0,209,213,0,0,270,279,0,0,192,192,0,0,341,356,0,0,173,173,0,0,258,262,0,0,291,291,0,0,244,244,0,0,266,266,0,0
CHG31,Chapingo_2015,148,148,0,0,138,156,0,0,166,166,0,0,209,217,0,0,273,279,0,0,192,192,0,0,331,331,0,0,173,173,0,0,260,268,0,0,285,297,0,0,244,244,0,0,264,266,0,0
CHG32,Chapingo_2015,140,140,0,0,152,210,0,0,166,166,0,0,209,213,0,0,270,279,0,0,192,192,0,0,341,356,0,0,173,173,0,0,266,268,0,0,285,291,0,0,244,244,0,0,260,266,0,0
CHG35,Chapingo_2015,0,0,0,0,156,156,0,0,166,166,0,0,209,213,0,0,279,279,0,0,192,192,0,0,346,356,0,0,173,173,0,0,266,266,0,0,289,291,0,0,244,244,0,0,264,266,0,0
CHG36,Chapingo_2015,110,222,224,0,156,156,0,0,166,170,0,0,213,225,0,0,279,279,0,0,189,192,0,0,356,356,0,0,173,173,0,0,258,266,0,0,285,289,0,0,242,244,0,0,260,260,0,0
JFH120,Juchitepec_2015,136,210,212,0,152,156,0,0,170,170,0,0,209,209,0,0,279,279,0,0,192,192,0,0,341,341,0,0,175,175,0,0,266,266,0,0,295,299,0,0,240,242,0,0,260,266,0,0
JFH121,Juchitepec_2015,210,212,0,0,156,156,0,0,170,170,0,0,213,217,0,0,279,279,0,0,189,192,0,0,341,341,0,0,173,175,0,0,266,266,0,0,297,299,0,0,242,244,0,0,260,264,0,0
JFH125,Juchitepec_2015,118,118,0,0,152,156,0,0,166,170,0,0,217,217,0,0,270,279,0,0,192,192,0,0,346,356,0,0,173,175,0,0,256,258,0,0,291,299,0,0,242,244,0,0,260,266,0,0
JFH134,Juchitepec_2015,140,208,210,212,152,206,0,0,166,170,0,0,213,213,0,0,279,279,0,0,192,192,0,0,341,346,0,0,173,177,0,0,256,268,0,0,293,299,0,0,242,244,0,0,260,266,0,0
JFH135,Juchitepec_2015,136,136,0,0,156,156,0,0,170,170,0,0,213,217,0,0,273,279,0,0,189,192,0,0,356,356,0,0,173,173,0,0,266,266,0,0,295,299,0,0,242,244,0,0,264,264,0,0
JFH143,Juchitepec_2015,136,136,0,0,206,206,0,0,170,170,0,0,213,213,0,0,279,279,0,0,189,192,0,0,341,341,0,0,173,175,0,0,266,268,0,0,291,291,0,0,236,244,0,0,260,266,272,0
JFH146,Juchitepec_2015,174,176,0,0,160,206,0,0,166,170,0,0,209,217,0,0,279,279,0,0,189,192,0,0,341,346,0,0,173,175,0,0,256,266,0,0,293,293,0,0,244,244,0,0,260,266,272,0
JFH153,Juchitepec_2015,174,176,0,0,156,226,0,0,170,170,0,0,209,213,0,0,279,279,0,0,192,192,0,0,356,356,0,0,173,177,0,0,256,266,0,0,285,293,0,0,244,244,0,0,264,264,0,0
JFH160,Juchitepec_2015,174,176,0,0,160,206,0,0,166,170,0,0,209,217,0,0,279,279,0,0,189,192,0,0,341,346,0,0,173,175,0,0,256,266,0,0,293,293,0,0,244,244,0,0,260,266,272,0
JFH163,Juchitepec_2015,0,0,0,0,156,160,0,0,170,170,0,0,209,217,0,0,273,279,0,0,192,192,0,0,341,356,0,0,177,177,0,0,256,266,0,0,289,291,0,0,242,242,0,0,260,264,0,0
JFH168,Juchitepec_2015,0,0,0,0,156,206,0,0,170,170,0,0,213,213,0,0,279,279,0,0,192,192,0,0,341,346,0,0,173,177,0,0,266,266,0,0,291,293,0,0,244,244,0,0,260,260,0,0
JFH18,Juchitepec_2015,0,0,0,0,156,206,0,0,170,170,0,0,213,213,0,0,279,279,0,0,192,192,0,0,341,346,0,0,173,177,0,0,266,266,0,0,291,293,0,0,244,244,0,0,260,260,0,0
JFH21,Juchitepec_2015,0,0,0,0,156,206,0,0,170,170,0,0,213,213,0,0,279,279,0,0,192,192,0,0,341,346,0,0,173,177,0,0,266,266,0,0,291,293,0,0,244,244,0,0,260,260,0,0
JFH22,Juchitepec_2015,0,0,0,0,156,206,0,0,170,170,0,0,213,213,0,0,279,279,0,0,192,192,0,0,341,346,0,0,173,177,0,0,266,266,0,0,291,293,0,0,244,244,0,0,260,260,0,0
JFH3,Juchitepec_2015,0,0,0,0,130,156,0,0,170,170,0,0,213,217,0,0,279,279,0,0,189,192,0,0,341,356,0,0,173,175,0,0,256,268,0,0,291,295,0,0,242,244,0,0,260,266,0,0
JFH41,Juchitepec_2015,0,0,0,0,208,208,0,0,170,170,0,0,209,213,0,0,279,279,0,0,192,192,0,0,356,356,0,0,175,175,0,0,266,268,0,0,289,289,0,0,242,244,0,0,266,272,0,0
JFH43,Juchitepec_2015,0,0,0,0,210,210,0,0,166,170,0,0,209,213,0,0,270,279,0,0,189,192,0,0,341,341,0,0,173,177,0,0,256,256,0,0,299,299,0,0,244,244,0,0,260,264,0,0
JFH162,Juchitepec_2015,136,210,212,0,210,210,0,0,170,170,0,0,217,217,0,0,279,279,0,0,189,192,0,0,341,356,0,0,175,177,0,0,256,266,0,0,291,291,0,0,242,244,0,0,260,264,272,0
JFH75,Juchitepec_2015,0,0,0,0,156,156,0,0,170,170,0,0,213,213,0,0,279,279,0,0,189,192,0,0,341,356,0,0,173,175,0,0,266,266,0,0,291,291,0,0,244,244,0,0,260,266,272,0
JFH45,Juchitepec_2015,174,176,0,0,160,206,0,0,166,170,0,0,209,217,0,0,279,279,0,0,189,192,0,0,341,346,0,0,173,175,0,0,256,266,0,0,293,293,0,0,244,244,0,0,260,266,272,0
JFH46,Juchitepec_2015,0,0,0,0,210,210,0,0,166,170,0,0,209,213,0,0,270,279,0,0,189,192,0,0,341,341,0,0,173,177,0,0,256,256,0,0,299,299,0,0,244,244,0,0,260,264,0,0
JFH54,Juchitepec_2015,0,0,0,0,156,156,0,0,170,170,0,0,209,213,0,0,273,279,0,0,192,192,0,0,341,356,0,0,173,175,0,0,256,266,0,0,289,295,0,0,242,244,0,0,260,260,0,0
JFH56,Juchitepec_2015,174,176,0,0,160,206,0,0,166,170,0,0,209,217,0,0,279,279,0,0,189,192,0,0,341,346,0,0,173,175,0,0,256,266,0,0,293,293,0,0,244,244,0,0,260,266,272,0
JFH58,Juchitepec_2015,174,176,0,0,160,206,0,0,166,170,0,0,209,217,0,0,279,279,0,0,189,192,0,0,341,346,0,0,173,175,0,0,256,266,0,0,293,293,0,0,244,244,0,0,260,266,272,0
JFH63,Juchitepec_2015,114,136,0,0,206,226,0,0,166,170,0,0,209,217,0,0,279,279,0,0,189,189,0,0,356,356,0,0,173,173,0,0,268,268,0,0,291,301,0,0,242,244,0,0,260,266,0,0
JFH64,Juchitepec_2015,0,0,0,0,156,156,0,0,170,170,0,0,209,213,0,0,273,279,0,0,192,192,0,0,341,356,0,0,173,175,0,0,256,266,0,0,289,295,0,0,242,244,0,0,260,260,0,0
JFH73,Juchitepec_2015,0,0,0,0,156,206,0,0,170,170,0,0,213,213,0,0,279,279,0,0,192,192,0,0,341,346,0,0,173,177,0,0,266,266,0,0,291,293,0,0,244,244,0,0,260,260,0,0
JFH85,Juchitepec_2015,0,0,0,0,210,210,0,0,166,170,0,0,209,213,0,0,270,279,0,0,189,192,0,0,341,341,0,0,173,177,0,0,256,256,0,0,299,299,0,0,244,244,0,0,260,264,0,0
JFH86,Juchitepec_2015,160,162,174,176,152,206,0,0,166,170,0,0,217,217,0,0,279,279,0,0,192,192,0,0,341,356,0,0,173,173,0,0,262,266,0,0,303,303,0,0,244,244,0,0,266,272,0,0
JFH89,Juchitepec_2015,210,212,0,0,142,142,0,0,170,170,0,0,213,217,0,0,273,279,0,0,189,192,0,0,356,356,0,0,173,177,0,0,266,268,0,0,291,299,0,0,242,244,0,0,260,264,0,0
JFH90,Juchitepec_2015,0,0,0,0,156,156,0,0,170,170,0,0,209,213,0,0,279,279,0,0,189,189,0,0,331,346,0,0,173,173,0,0,256,266,0,0,293,293,0,0,242,242,0,0,264,266,272,0
JFH95,Juchitepec_2015,0,0,0,0,156,156,0,0,170,170,0,0,209,213,0,0,273,279,0,0,192,192,0,0,341,356,0,0,173,175,0,0,256,266,0,0,289,295,0,0,242,244,0,0,260,260,0,0
JFH96,Juchitepec_2015,160,162,174,176,152,206,0,0,166,170,0,0,217,217,0,0,279,279,0,0,192,192,0,0,341,356,0,0,173,173,0,0,262,266,0,0,303,303,0,0,244,244,0,0,266,272,0,0
SGF12,San Gerónimo_2015,174,176,210,212,206,206,0,0,166,166,0,0,209,213,0,0,279,279,0,0,192,192,0,0,341,356,0,0,173,173,0,0,268,268,0,0,291,293,0,0,242,244,0,0,266,266,0,0
SGF37,San Gerónimo_2015,210,212,0,0,160,160,0,0,166,170,0,0,213,213,0,0,273,279,0,0,192,192,0,0,356,356,0,0,173,175,0,0,266,266,0,0,289,289,0,0,244,244,0,0,264,266,0,0
SGF_X,San Gerónimo_2015,190,190,0,0,160,206,0,0,170,170,0,0,213,213,0,0,270,273,0,0,192,192,0,0,346,356,0,0,173,175,0,0,256,258,0,0,285,291,0,0,240,244,0,0,260,266,0,0
SGF_Y,San Gerónimo_2015,140,140,0,0,206,206,0,0,170,170,0,0,209,217,0,0,270,273,0,0,189,189,0,0,341,341,0,0,173,175,0,0,266,268,0,0,291,293,0,0,244,244,0,0,266,266,0,0
SGF_Z,San Gerónimo_2015,140,140,0,0,142,142,0,0,166,170,0,0,209,213,0,0,270,270,0,0,189,192,0,0,341,356,0,0,173,175,0,0,262,266,268,0,289,293,0,0,244,250,0,0,260,266,272,0
SGF1,San Gerónimo_2015,0,0,0,0,206,206,0,0,166,170,0,0,213,213,0,0,270,279,0,0,192,192,0,0,341,341,0,0,173,175,0,0,260,268,0,0,293,293,0,0,244,244,0,0,260,264,0,0
SGF11,San Gerónimo_2015,136,140,0,0,152,156,164,206,166,170,0,0,209,213,0,0,279,279,0,0,192,192,0,0,341,356,0,0,173,175,0,0,258,266,0,0,289,291,0,0,244,244,0,0,260,266,0,0
SGF18,San Gerónimo_2015,0,0,0,0,172,206,0,0,166,170,0,0,213,213,0,0,270,279,0,0,192,192,0,0,341,341,0,0,173,175,0,0,260,268,0,0,293,293,0,0,244,244,0,0,260,264,0,0
SGF19,San Gerónimo_2015,0,0,0,0,206,206,0,0,166,170,0,0,213,213,0,0,270,279,0,0,192,192,0,0,341,341,0,0,173,175,0,0,260,268,0,0,293,293,0,0,244,244,0,0,260,264,0,0
SGF21,San Gerónimo_2015,174,176,0,0,200,200,0,0,166,170,0,0,213,213,0,0,270,279,0,0,189,189,0,0,356,356,0,0,173,175,0,0,258,266,0,0,289,291,0,0,244,244,0,0,260,264,0,0
SGF22,San Gerónimo_2015,154,210,212,0,154,162,0,0,166,170,0,0,217,223,0,0,270,273,0,0,192,192,0,0,341,356,0,0,173,173,0,0,258,268,0,0,289,291,0,0,242,244,0,0,260,266,0,0
SGF27,San Gerónimo_2015,140,140,0,0,156,206,0,0,170,170,0,0,213,213,0,0,270,270,0,0,189,192,0,0,341,356,0,0,175,177,0,0,268,268,0,0,295,295,0,0,244,244,0,0,260,272,0,0
SGF30,San Gerónimo_2015,140,140,0,0,156,206,0,0,170,170,0,0,213,213,0,0,270,270,0,0,189,192,0,0,341,356,0,0,175,177,0,0,268,268,0,0,295,295,0,0,244,244,0,0,260,272,0,0
SGF31,San Gerónimo_2015,140,140,0,0,156,206,0,0,170,170,0,0,213,213,0,0,270,270,0,0,189,192,0,0,341,356,0,0,175,177,0,0,268,268,0,0,295,295,0,0,244,244,0,0,260,272,0,0
SGF33,San Gerónimo_2015,210,212,0,0,160,160,0,0,166,170,0,0,213,213,0,0,273,279,0,0,192,192,0,0,356,356,0,0,173,175,0,0,266,266,0,0,289,289,0,0,244,244,0,0,264,266,0,0
SGF40,San Gerónimo_2015,136,140,0,0,152,164,0,0,166,170,0,0,209,213,0,0,279,279,0,0,192,192,0,0,356,356,0,0,173,175,0,0,258,266,0,0,289,291,0,0,244,244,0,0,260,266,0,0
SGF41,San Gerónimo_2015,136,140,0,0,152,164,0,0,166,170,0,0,209,213,0,0,279,279,0,0,192,192,0,0,356,356,0,0,173,175,0,0,258,266,0,0,289,291,0,0,244,244,0,0,260,266,0,0
SGF44,San Gerónimo_2015,136,140,180,0,156,200,206,0,166,170,0,0,209,213,0,0,270,270,0,0,189,192,0,0,341,356,0,0,173,175,177,0,258,266,268,0,291,295,0,0,244,244,0,0,260,266,272,0
SGF47,San Gerónimo_2015,140,140,0,0,156,206,0,0,170,170,0,0,213,213,0,0,270,270,0,0,189,192,0,0,341,356,0,0,175,177,0,0,268,268,0,0,295,295,0,0,244,244,0,0,260,272,0,0
SGF49,San Gerónimo_2015,140,140,0,0,156,206,0,0,170,170,0,0,213,213,0,0,270,270,0,0,189,192,0,0,341,356,0,0,175,177,0,0,268,268,0,0,295,295,0,0,244,244,0,0,260,272,0,0
SGF51,San Gerónimo_2015,140,140,0,0,156,206,0,0,170,170,0,0,213,213,0,0,270,270,0,0,189,192,0,0,341,356,0,0,175,177,0,0,268,268,0,0,295,295,0,0,244,244,0,0,260,272,0,0
SGF56,San Gerónimo_2015,140,140,0,0,156,206,0,0,170,170,0,0,213,213,0,0,270,270,0,0,189,192,0,0,341,356,0,0,175,177,0,0,268,268,0,0,295,295,0,0,244,244,0,0,260,272,0,0
SGF58,San Gerónimo_2015,136,140,0,0,152,164,0,0,166,170,0,0,209,213,0,0,279,279,0,0,192,192,0,0,356,356,0,0,173,175,0,0,258,266,0,0,289,291,0,0,244,244,0,0,260,266,0,0
SGF59,San Gerónimo_2015,136,210,212,228,152,160,206,0,166,170,0,0,209,213,225,0,273,279,0,0,192,192,0,0,341,356,0,0,173,175,0,0,266,268,0,0,289,289,0,0,242,244,0,0,264,266,0,0
SGF60,San Gerónimo_2015,140,146,0,0,162,162,0,0,166,170,0,0,213,217,0,0,279,279,0,0,189,192,0,0,341,356,0,0,173,175,0,0,266,268,0,0,291,291,0,0,244,250,0,0,260,266,0,0
SGF63,San Gerónimo_2015,140,140,0,0,156,206,0,0,170,170,0,0,213,213,0,0,270,270,0,0,189,192,0,0,341,356,0,0,175,177,0,0,268,268,0,0,295,295,0,0,244,244,0,0,260,272,0,0
SGF65,San Gerónimo_2015,140,140,0,0,156,156,0,0,166,170,0,0,213,217,0,0,279,279,0,0,189,192,0,0,341,341,0,0,173,173,0,0,268,270,0,0,289,291,0,0,244,244,0,0,264,264,0,0
SGF66,San Gerónimo_2015,140,140,0,0,210,210,0,0,170,170,0,0,213,213,0,0,270,270,0,0,189,192,0,0,341,356,0,0,173,173,0,0,266,266,0,0,285,295,0,0,242,244,0,0,264,266,0,0
SGF67,San Gerónimo_2015,174,176,0,0,138,138,0,0,170,170,0,0,213,213,0,0,279,279,0,0,192,192,0,0,341,356,0,0,173,175,0,0,264,268,0,0,289,291,0,0,240,244,0,0,266,266,0,0
SGF69,San Gerónimo_2015,140,140,0,0,156,206,0,0,170,170,0,0,213,213,0,0,270,270,0,0,189,192,0,0,341,356,0,0,175,177,0,0,268,268,0,0,295,295,0,0,244,244,0,0,260,272,0,0
SGF72,San Gerónimo_2015,140,140,0,0,156,156,0,0,166,170,0,0,213,217,0,0,279,279,0,0,189,192,0,0,341,341,0,0,173,173,0,0,268,270,0,0,289,291,0,0,244,244,0,0,264,264,0,0
SGF75,San Gerónimo_2015,210,212,0,0,160,160,0,0,166,170,0,0,213,213,0,0,273,279,0,0,192,192,0,0,356,356,0,0,173,175,0,0,266,266,0,0,289,289,0,0,244,244,0,0,264,266,0,0
SGF78,San Gerónimo_2015,124,144,0,0,162,206,0,0,166,170,0,0,213,225,0,0,273,273,0,0,189,189,0,0,341,356,0,0,175,175,0,0,258,266,0,0,289,291,0,0,244,244,0,0,260,260,0,0
SGF79,San Gerónimo_2015,172,174,0,0,142,156,0,0,166,170,0,0,213,213,0,0,279,279,0,0,192,192,0,0,341,356,0,0,177,177,0,0,268,268,0,0,0,0,0,0,244,244,0,0,260,272,0,0
SGF80,San Gerónimo_2015,152,174,176,0,206,206,0,0,166,170,0,0,209,213,0,0,279,279,0,0,189,189,0,0,341,356,0,0,173,175,0,0,262,266,0,0,289,291,0,0,244,244,0,0,260,264,0,0
SGF81,San Gerónimo_2015,140,144,0,0,210,216,0,0,166,166,0,0,209,217,225,0,270,273,0,0,192,192,0,0,341,356,0,0,173,173,0,0,266,266,0,0,291,291,0,0,244,244,0,0,260,266,272,0
SGF83,San Gerónimo_2015,144,144,0,0,134,154,0,0,166,170,0,0,213,213,0,0,270,279,0,0,192,192,0,0,341,341,0,0,173,175,0,0,258,268,0,0,293,295,0,0,240,244,0,0,266,266,0,0
SGF84,San Gerónimo_2015,108,152,0,0,148,148,0,0,170,170,0,0,209,213,0,0,270,279,0,0,192,192,0,0,341,356,0,0,173,175,0,0,258,266,0,0,289,289,0,0,244,244,0,0,266,272,0,0
SGF85,San Gerónimo_2015,150,150,0,0,162,212,0,0,166,170,0,0,213,213,0,0,270,279,0,0,189,192,0,0,341,341,0,0,173,173,0,0,266,268,0,0,291,293,0,0,244,244,0,0,260,260,0,0
SGF89,San Gerónimo_2015,174,176,0,0,138,138,0,0,170,170,0,0,213,213,0,0,279,279,0,0,192,192,0,0,341,356,0,0,173,175,0,0,264,268,0,0,289,291,0,0,240,244,0,0,266,266,0,0
SGF93,San Gerónimo_2015,140,140,0,0,156,206,0,0,170,170,0,0,213,213,0,0,270,270,0,0,189,192,0,0,341,356,0,0,175,177,0,0,268,268,0,0,295,295,0,0,244,244,0,0,260,272,0,0
SGF94,San Gerónimo_2015,140,140,0,0,142,142,0,0,166,170,0,0,209,213,0,0,270,270,0,0,189,192,0,0,341,356,0,0,173,175,0,0,262,266,268,0,289,293,0,0,244,250,0,0,260,266,272,0
SGF74,San Gerónimo_2015,140,140,0,0,152,152,0,0,166,170,0,0,209,223,0,0,273,279,0,0,189,192,0,0,341,356,0,0,173,173,0,0,266,268,0,0,299,299,0,0,242,244,0,0,260,266,272,0
SGF92,San Gerónimo_2015,140,140,0,0,210,210,0,0,170,170,0,0,213,213,0,0,270,270,0,0,189,192,0,0,341,356,0,0,173,173,0,0,266,266,0,0,285,295,0,0,242,244,0,0,264,266,0,0
SGF13,San Gerónimo_2015,136,140,0,0,152,164,0,0,166,170,0,0,209,213,0,0,279,279,0,0,192,192,0,0,356,356,0,0,173,175,0,0,258,266,0,0,289,291,0,0,244,244,0,0,260,266,0,0
SGF14,San Gerónimo_2015,140,140,0,0,156,206,0,0,170,170,0,0,213,213,0,0,270,270,0,0,189,192,0,0,341,356,0,0,175,177,0,0,268,268,0,0,295,295,0,0,244,244,0,0,260,272,0,0
SGF16,San Gerónimo_2015,140,140,0,0,156,206,0,0,170,170,0,0,213,213,0,0,270,270,0,0,192,192,0,0,341,356,0,0,175,177,0,0,268,268,0,0,295,295,0,0,244,244,0,0,260,272,0,0
SGF25,San Gerónimo_2015,140,140,0,0,142,142,0,0,166,170,0,0,209,213,0,0,270,270,0,0,189,192,0,0,341,356,0,0,173,175,0,0,262,266,268,0,289,293,0,0,244,250,0,0,260,266,272,0
SGF3,San Gerónimo_2015,140,140,0,0,142,142,0,0,166,170,0,0,213,213,0,0,270,270,0,0,189,192,0,0,341,356,0,0,173,175,0,0,262,266,268,0,289,293,0,0,244,250,0,0,260,266,272,0
SGF34,San Gerónimo_2015,136,140,0,0,152,156,164,206,166,170,0,0,209,213,0,0,279,279,0,0,192,192,0,0,341,356,0,0,173,175,0,0,258,266,0,0,289,291,0,0,244,244,0,0,260,266,0,0
SGF36,San Gerónimo_2015,140,140,0,0,206,206,0,0,170,170,0,0,209,217,0,0,270,273,0,0,0,0,0,0,341,341,0,0,173,175,0,0,266,268,0,0,291,293,0,0,244,244,0,0,266,266,0,0
SGF43,San Gerónimo_2015,136,140,178,180,156,200,206,0,166,170,0,0,213,213,0,0,270,270,0,0,189,192,0,0,341,356,0,0,173,175,177,0,258,268,0,0,291,295,0,0,244,244,0,0,260,266,272,0
SGF45,San Gerónimo_2015,140,140,0,0,156,206,0,0,170,170,0,0,213,213,0,0,270,270,0,0,189,192,0,0,341,356,0,0,175,177,0,0,268,268,0,0,295,295,0,0,244,244,0,0,260,272,0,0
SGF46,San Gerónimo_2015,136,140,0,0,152,156,164,206,166,170,0,0,209,213,0,0,270,279,0,0,192,192,0,0,341,356,0,0,173,175,177,0,258,266,268,0,289,291,295,0,244,244,0,0,260,266,272,0
SGF53,San Gerónimo_2015,140,176,0,0,156,200,206,0,166,170,0,0,213,213,0,0,270,279,0,0,189,192,0,0,341,356,0,0,173,175,0,0,258,266,268,0,289,291,0,0,244,244,0,0,260,264,272,0
T11,Toluca_2015,112,136,0,0,156,206,0,0,166,170,0,0,213,213,0,0,279,279,0,0,192,192,0,0,341,356,0,0,173,173,0,0,266,268,0,0,289,295,0,0,244,244,0,0,260,266,0,0
T12,Toluca_2015,168,0,0,0,156,208,0,0,166,170,0,0,213,217,0,0,279,279,0,0,192,192,0,0,341,341,0,0,173,173,0,0,258,266,0,0,289,291,0,0,240,244,0,0,260,264,0,0
T13,Toluca_2015,0,0,0,0,160,206,0,0,166,170,0,0,209,213,0,0,279,279,0,0,192,192,0,0,341,341,0,0,173,173,0,0,268,268,0,0,285,289,0,0,244,244,0,0,260,260,0,0
T17,Toluca_2015,0,0,0,0,160,206,0,0,170,170,0,0,217,217,0,0,279,279,0,0,192,192,0,0,356,356,0,0,173,173,0,0,268,268,0,0,291,295,0,0,244,244,0,0,266,266,0,0
T18,Toluca_2015,136,0,0,0,164,206,0,0,166,170,0,0,213,213,0,0,273,279,0,0,192,192,0,0,341,356,0,0,173,173,0,0,266,266,0,0,291,291,0,0,244,244,0,0,260,260,0,0
T2,Toluca_2015,0,0,0,0,160,206,0,0,166,170,0,0,209,213,0,0,279,279,0,0,192,192,0,0,341,341,0,0,173,173,0,0,268,268,0,0,285,289,0,0,244,244,0,0,260,260,0,0
T20,Toluca_2015,110,142,0,0,162,206,0,0,166,170,0,0,213,217,0,0,279,279,0,0,192,192,0,0,341,341,0,0,173,173,0,0,264,266,0,0,289,295,0,0,242,244,0,0,266,266,0,0
T21,Toluca_2015,170,172,0,0,156,206,0,0,166,170,0,0,217,221,0,0,279,279,0,0,192,192,0,0,341,356,0,0,173,175,0,0,266,270,0,0,289,303,0,0,244,244,0,0,260,266,0,0
T22,Toluca_2015,136,0,0,0,164,206,0,0,166,170,0,0,213,213,0,0,273,279,0,0,192,192,0,0,341,356,0,0,173,173,0,0,266,266,0,0,291,291,0,0,244,244,0,0,260,260,0,0
T23,Toluca_2015,174,176,0,0,160,206,0,0,166,170,0,0,213,217,0,0,279,279,0,0,192,192,0,0,341,356,0,0,173,173,0,0,266,268,0,0,289,291,0,0,244,244,0,0,260,266,0,0
T24,Toluca_2015,140,0,0,0,156,160,0,0,170,170,0,0,209,217,0,0,279,279,0,0,192,192,0,0,341,341,0,0,173,173,0,0,266,272,0,0,289,295,0,0,244,244,0,0,266,266,0,0
T25,Toluca_2015,110,0,0,0,160,212,0,0,170,170,0,0,213,217,0,0,279,279,0,0,192,192,0,0,356,356,0,0,173,173,0,0,266,268,0,0,289,295,0,0,244,244,0,0,260,266,0,0
T26,Toluca_2015,112,0,0,0,156,156,0,0,168,168,0,0,213,217,0,0,279,279,0,0,192,192,0,0,341,356,0,0,173,173,0,0,266,266,0,0,293,295,0,0,244,244,0,0,260,266,0,0
T27,Toluca_2015,0,0,0,0,160,206,0,0,166,170,0,0,209,213,0,0,279,279,0,0,192,192,0,0,341,341,0,0,173,173,0,0,268,268,0,0,285,289,0,0,244,244,0,0,260,260,0,0
T3,Toluca_2015,0,0,0,0,164,208,0,0,170,170,0,0,213,217,0,0,279,279,0,0,192,192,0,0,341,356,0,0,173,175,0,0,266,268,0,0,289,293,0,0,244,244,0,0,260,266,0,0
T4,Toluca_2015,0,0,0,0,160,206,0,0,166,170,0,0,209,213,0,0,279,279,0,0,192,192,0,0,341,341,0,0,173,173,0,0,268,268,0,0,285,289,0,0,244,244,0,0,260,260,0,0
T5,Toluca_2015,136,0,0,0,164,206,0,0,166,170,0,0,213,213,0,0,273,279,0,0,192,192,0,0,341,356,0,0,173,173,0,0,266,266,0,0,291,291,0,0,244,244,0,0,260,260,0,0
T7,Toluca_2015,170,172,0,0,204,206,0,0,170,170,0,0,213,217,0,0,279,279,0,0,192,192,0,0,356,356,0,0,173,173,0,0,266,266,0,0,295,295,0,0,244,244,0,0,260,266,0,0
T8,Toluca_2015,136,168,0,0,164,206,0,0,166,166,0,0,213,217,0,0,279,279,0,0,192,192,0,0,341,341,0,0,173,173,0,0,266,268,0,0,289,293,0,0,240,244,0,0,260,266,0,0
T9,Toluca_2015,110,0,0,0,160,212,0,0,170,170,0,0,213,217,0,0,279,279,0,0,192,192,0,0,356,356,0,0,173,173,0,0,266,268,0,0,289,295,0,0,244,244,0,0,260,266,0,0
T10,Toluca_2015,136,136,0,0,156,208,0,0,166,170,0,0,213,217,0,0,279,279,0,0,192,192,0,0,341,356,0,0,173,173,0,0,266,268,0,0,289,295,0,0,242,252,0,0,266,266,0,0
T14,Toluca_2015,136,136,0,0,164,206,0,0,166,170,0,0,213,213,0,0,273,279,0,0,192,192,0,0,341,356,0,0,173,173,0,0,266,266,0,0,291,291,0,0,244,244,0,0,260,260,0,0
T62,Toluca_2015,174,176,0,0,162,206,0,0,166,170,0,0,213,217,0,0,279,279,0,0,189,189,0,0,341,341,0,0,173,175,0,0,266,266,0,0,295,295,0,0,244,244,0,0,260,266,272,0
TF1,Tlaxcala_2015,140,0,0,0,154,162,0,0,170,170,0,0,213,217,0,0,279,279,0,0,192,192,0,0,341,356,0,0,173,175,0,0,264,270,0,0,291,293,0,0,244,244,0,0,264,266,0,0
TF2,Tlaxcala_2015,136,158,0,0,156,156,0,0,170,170,0,0,209,217,0,0,279,279,0,0,192,192,0,0,341,356,0,0,173,173,0,0,264,266,0,0,289,291,0,0,244,244,0,0,260,266,0,0
TF3,Tlaxcala_2015,140,0,0,0,154,162,0,0,170,170,0,0,213,217,0,0,279,279,0,0,192,192,0,0,341,356,0,0,173,175,0,0,264,270,0,0,291,293,0,0,244,244,0,0,264,266,0,0
TG11,Tlaxcala_2015,140,142,0,0,154,162,0,0,170,170,0,0,213,217,0,0,279,279,0,0,192,192,0,0,341,356,0,0,173,175,0,0,264,270,0,0,291,293,0,0,244,244,0,0,264,266,0,0
TG18,Tlaxcala_2015,174,176,0,0,162,206,0,0,166,170,0,0,213,217,0,0,279,279,0,0,189,189,0,0,341,341,0,0,173,175,0,0,266,266,0,0,295,295,0,0,244,244,0,0,260,266,272,0
TL1,Tlaxcala_2015,122,0,0,0,160,160,0,0,170,170,0,0,213,213,0,0,273,279,0,0,189,189,0,0,341,346,0,0,175,177,0,0,266,268,0,0,289,291,0,0,244,244,0,0,260,264,0,0
TL10,Tlaxcala_2015,0,0,0,0,164,206,0,0,170,170,0,0,209,213,0,0,279,279,0,0,189,192,0,0,341,341,0,0,173,175,0,0,264,270,0,0,293,297,0,0,242,244,0,0,260,260,0,0
TL11,Tlaxcala_2015,140,172,174,0,154,162,0,0,166,170,0,0,209,225,0,0,273,279,0,0,189,192,0,0,341,341,0,0,173,177,0,0,266,270,0,0,289,293,0,0,244,244,0,0,260,266,0,0
TL13,Tlaxcala_2015,190,0,0,0,154,154,0,0,166,170,0,0,213,213,0,0,270,270,0,0,192,192,0,0,341,341,0,0,173,173,0,0,264,268,0,0,289,291,0,0,244,244,0,0,260,266,0,0
TL14,Tlaxcala_2015,0,0,0,0,156,156,0,0,166,170,0,0,213,225,0,0,270,279,0,0,189,192,0,0,341,356,0,0,173,175,0,0,268,268,0,0,285,291,0,0,244,244,0,0,264,266,0,0
TL15,Tlaxcala_2015,0,0,0,0,160,160,0,0,170,170,0,0,213,213,0,0,279,279,0,0,192,192,0,0,341,356,0,0,173,177,0,0,266,270,0,0,285,285,0,0,244,244,0,0,260,266,272,0
TL16,Tlaxcala_2015,0,0,0,0,160,160,0,0,170,170,0,0,213,213,0,0,279,279,0,0,192,192,0,0,341,356,0,0,173,177,0,0,266,270,0,0,285,285,0,0,244,244,0,0,260,266,272,0
TL2,Tlaxcala_2015,122,0,0,0,160,160,0,0,170,170,0,0,213,213,0,0,273,279,0,0,189,189,0,0,341,346,0,0,175,177,0,0,266,268,0,0,289,291,0,0,244,244,0,0,260,264,0,0
TL3,Tlaxcala_2015,174,176,0,0,160,160,0,0,166,170,0,0,209,209,0,0,273,279,0,0,189,192,0,0,341,356,0,0,173,177,0,0,264,266,0,0,291,297,0,0,244,244,0,0,260,266,0,0
TL4,Tlaxcala_2015,136,0,0,0,164,164,0,0,166,170,0,0,209,213,0,0,273,279,0,0,192,192,0,0,341,356,0,0,173,173,0,0,258,268,0,0,289,291,0,0,244,244,0,0,260,266,0,0
TL5,Tlaxcala_2015,140,172,174,0,154,162,0,0,166,170,0,0,209,225,0,0,273,279,0,0,189,192,0,0,341,341,0,0,173,177,0,0,266,270,0,0,289,293,0,0,244,244,0,0,260,266,0,0
TL6,Tlaxcala_2015,174,176,0,0,154,154,0,0,170,170,0,0,213,217,0,0,273,279,0,0,192,192,0,0,341,356,0,0,173,175,0,0,268,268,0,0,289,293,0,0,244,244,0,0,260,266,0,0
TL7,Tlaxcala_2015,140,172,174,0,154,162,0,0,166,170,0,0,209,225,0,0,273,279,0,0,189,192,0,0,341,341,0,0,173,177,0,0,266,270,0,0,289,293,0,0,244,244,0,0,260,266,0,0
TL8,Tlaxcala_2015,140,172,174,0,154,162,0,0,166,170,0,0,209,225,0,0,273,279,0,0,189,192,0,0,341,341,0,0,173,177,0,0,266,270,0,0,289,293,0,0,244,244,0,0,260,266,0,0
TL9,Tlaxcala_2015,174,176,0,0,160,160,0,0,166,170,0,0,209,209,0,0,273,279,0,0,189,192,0,0,341,356,0,0,173,177,0,0,264,266,0,0,291,297,0,0,244,244,0,0,260,266,0,0
TT22,Tlaxcala_2015,174,176,0,0,148,206,0,0,166,170,0,0,213,213,0,0,279,279,0,0,189,189,0,0,341,356,0,0,173,173,0,0,264,268,0,0,289,295,0,0,244,244,0,0,264,266,0,0
TF4,Tlaxcala_2015,0,0,0,0,156,200,0,0,166,170,0,0,213,217,0,0,270,279,0,0,189,192,0,0,341,356,0,0,173,175,0,0,266,266,0,0,289,291,0,0,244,244,0,0,260,266,0,0
TG10,Tlaxcala_2015,0,0,0,0,156,156,0,0,166,170,0,0,213,225,0,0,270,279,0,0,189,192,0,0,341,356,0,0,173,175,0,0,258,268,0,0,285,291,0,0,244,244,0,0,264,266,0,0
TG15,Tlaxcala_2015,174,176,0,0,206,206,0,0,166,170,0,0,209,217,0,0,273,279,0,0,189,192,0,0,341,356,0,0,173,173,0,0,268,270,0,0,291,295,0,0,244,244,0,0,260,264,0,0
TG17,Tlaxcala_2015,136,140,0,0,152,160,206,0,166,170,0,0,209,213,217,225,270,273,279,0,192,192,0,0,341,356,0,0,173,175,0,0,262,266,268,0,289,291,0,0,242,244,0,0,260,264,266,0
TG20,Tlaxcala_2015,0,0,0,0,206,206,0,0,168,168,0,0,213,213,0,0,279,279,0,0,192,192,0,0,341,356,0,0,173,173,0,0,262,270,0,0,285,293,0,0,244,244,0,0,260,264,0,0
TT11,Tlaxcala_2015,112,172,174,0,154,156,0,0,170,170,0,0,209,213,0,0,279,279,0,0,192,192,0,0,346,356,0,0,173,177,0,0,256,270,0,0,293,295,0,0,244,244,0,0,260,264,0,0
TT12,Tlaxcala_2015,0,0,0,0,160,160,0,0,170,170,0,0,213,217,0,0,279,279,0,0,192,192,0,0,341,356,0,0,173,177,0,0,266,270,0,0,289,291,0,0,244,244,0,0,260,264,0,0
TT13,Tlaxcala_2015,140,206,208,0,160,160,0,0,166,170,0,0,209,209,0,0,279,279,0,0,192,192,0,0,331,341,0,0,173,177,0,0,268,270,0,0,291,299,0,0,244,244,0,0,264,266,0,0
TT14,Tlaxcala_2015,0,0,0,0,160,160,0,0,166,170,0,0,213,223,0,0,279,279,0,0,192,192,0,0,341,356,0,0,175,175,0,0,258,266,0,0,291,291,0,0,244,250,0,0,260,260,0,0
TT15,Tlaxcala_2015,172,174,0,0,154,162,0,0,166,170,0,0,213,213,0,0,270,270,0,0,192,192,0,0,341,341,0,0,173,175,0,0,264,266,0,0,297,297,0,0,244,244,0,0,264,266,0,0
TT16,Tlaxcala_2015,140,140,0,0,156,156,0,0,166,170,0,0,213,213,0,0,270,279,0,0,192,192,0,0,356,356,0,0,173,175,0,0,256,266,0,0,289,293,0,0,244,244,0,0,260,264,0,0
TT17,Tlaxcala_2015,112,140,0,0,160,160,0,0,170,170,0,0,209,223,0,0,279,279,0,0,192,192,0,0,341,356,0,0,173,173,0,0,268,270,0,0,289,299,0,0,244,244,0,0,266,266,0,0
TT18,Tlaxcala_2015,112,172,174,0,154,156,0,0,170,170,0,0,209,213,0,0,279,279,0,0,192,192,0,0,346,356,0,0,173,177,0,0,256,270,0,0,293,295,0,0,244,244,0,0,260,264,0,0
TT19,Tlaxcala_2015,172,174,0,0,210,210,0,0,166,170,0,0,209,213,0,0,270,279,0,0,192,192,0,0,341,356,0,0,173,173,0,0,0,0,0,0,291,295,0,0,244,244,0,0,260,264,0,0
TT2,Tlaxcala_2015,170,172,0,0,210,210,0,0,166,166,0,0,209,223,0,0,279,279,0,0,192,192,0,0,341,341,0,0,173,173,0,0,258,270,0,0,291,295,0,0,244,244,0,0,266,266,0,0
TT20,Tlaxcala_2015,0,0,0,0,154,156,0,0,170,170,0,0,209,209,0,0,279,279,0,0,192,192,0,0,341,341,0,0,173,175,0,0,264,268,0,0,291,297,0,0,244,244,0,0,260,264,0,0
TT21,Tlaxcala_2015,112,172,174,0,154,156,0,0,170,170,0,0,209,213,0,0,279,279,0,0,192,192,0,0,346,356,0,0,173,177,0,0,256,270,0,0,293,295,0,0,244,244,0,0,260,264,0,0
TT23,Tlaxcala_2015,0,0,0,0,130,156,0,0,166,170,0,0,213,217,0,0,279,279,0,0,192,192,0,0,341,356,0,0,173,177,0,0,268,270,0,0,295,295,0,0,244,250,0,0,260,266,272,0
TT24,Tlaxcala_2015,112,172,174,0,154,156,0,0,166,170,0,0,213,223,0,0,270,273,0,0,192,192,0,0,341,356,0,0,173,173,0,0,266,268,0,0,289,289,0,0,244,244,0,0,260,260,0,0
TT25,Tlaxcala_2015,140,190,0,0,156,206,0,0,170,170,0,0,209,213,0,0,270,279,0,0,189,192,0,0,341,356,0,0,173,175,177,0,268,268,0,0,295,297,0,0,244,244,0,0,260,272,0,0
TT26,Tlaxcala_2015,172,174,0,0,156,156,0,0,168,168,0,0,209,209,0,0,279,279,0,0,192,192,0,0,341,341,0,0,173,175,0,0,266,266,0,0,285,293,0,0,244,244,0,0,260,264,0,0
TT27,Tlaxcala_2015,112,172,174,0,154,156,0,0,170,170,0,0,209,213,0,0,279,279,0,0,192,192,0,0,346,356,0,0,173,177,0,0,256,270,0,0,293,295,0,0,244,244,0,0,260,264,0,0
TT28,Tlaxcala_2015,0,0,0,0,162,206,0,0,170,170,0,0,209,213,0,0,279,279,0,0,189,189,0,0,341,356,0,0,173,175,0,0,268,270,0,0,293,299,0,0,244,244,0,0,260,260,0,0
TT29,Tlaxcala_2015,172,174,0,0,162,162,0,0,166,170,0,0,213,213,0,0,270,279,0,0,189,192,0,0,341,356,0,0,173,173,0,0,268,270,0,0,311,313,0,0,244,244,0,0,260,272,0,0
TT30,Tlaxcala_2015,140,140,0,0,156,206,0,0,170,170,0,0,213,213,0,0,270,270,0,0,189,192,0,0,341,356,0,0,175,177,0,0,268,268,0,0,295,295,0,0,244,244,0,0,260,272,0,0
TT31,Tlaxcala_2015,172,174,0,0,210,210,0,0,166,170,0,0,209,213,0,0,270,279,0,0,192,192,0,0,341,356,0,0,173,173,0,0,258,270,0,0,291,295,0,0,244,244,0,0,260,264,0,0
TT32,Tlaxcala_2015,172,174,0,0,162,162,0,0,166,170,0,0,213,213,0,0,270,279,0,0,189,192,0,0,341,356,0,0,173,173,0,0,268,270,0,0,311,313,0,0,244,244,0,0,260,272,0,0
TT33,Tlaxcala_2015,0,0,0,0,154,154,0,0,170,170,0,0,209,209,0,0,270,279,0,0,192,192,0,0,341,356,0,0,175,175,0,0,268,268,0,0,293,295,0,0,244,244,0,0,260,260,0,0
TT34,Tlaxcala_2015,0,0,0,0,162,206,0,0,166,170,0,0,209,213,0,0,279,279,0,0,189,189,0,0,341,356,0,0,173,175,0,0,258,266,0,0,285,293,0,0,244,244,0,0,260,266,0,0
TT35,Tlaxcala_2015,112,180,182,0,206,206,0,0,166,170,0,0,209,213,0,0,273,273,0,0,192,192,0,0,341,346,0,0,173,177,0,0,258,266,0,0,291,291,0,0,242,250,0,0,264,266,272,0
TT36,Tlaxcala_2015,112,172,174,0,130,164,210,0,166,170,0,0,209,213,0,0,270,279,0,0,192,192,0,0,341,356,0,0,173,175,0,0,258,264,270,0,291,295,0,0,242,244,0,0,260,264,266,0
TT4,Tlaxcala_2015,172,174,0,0,210,210,0,0,166,170,0,0,209,213,0,0,270,279,0,0,192,192,0,0,341,356,0,0,173,173,0,0,258,270,0,0,291,295,0,0,244,244,0,0,260,264,0,0
TT5,Tlaxcala_2015,0,0,0,0,164,206,0,0,166,170,0,0,209,223,0,0,279,279,0,0,189,192,0,0,341,356,0,0,173,175,0,0,264,270,0,0,295,295,0,0,242,244,0,0,260,264,0,0
TT6,Tlaxcala_2015,140,140,0,0,156,156,0,0,166,170,0,0,213,213,0,0,270,279,0,0,192,192,0,0,356,356,0,0,173,175,0,0,256,266,0,0,289,293,0,0,244,244,0,0,260,264,0,0
TG12,Tlaxcala_2015,174,176,0,0,162,206,0,0,166,170,0,0,213,217,0,0,279,279,0,0,189,189,0,0,341,341,0,0,173,175,0,0,266,266,0,0,295,295,0,0,244,244,0,0,260,266,272,0
TG13,Tlaxcala_2015,172,174,0,0,162,164,0,0,170,170,0,0,213,225,0,0,279,279,0,0,192,192,0,0,341,356,0,0,173,173,0,0,266,266,0,0,291,297,0,0,244,244,0,0,260,260,0,0
TG16,Tlaxcala_2015,172,174,0,0,162,162,0,0,166,166,0,0,213,213,0,0,270,279,0,0,192,192,0,0,341,356,0,0,173,173,0,0,266,266,0,0,285,289,0,0,244,244,0,0,260,264,0,0
TG4,Tlaxcala_2015,166,174,176,0,156,160,0,0,170,170,0,0,213,217,0,0,279,279,0,0,192,192,0,0,341,356,0,0,173,173,0,0,268,268,0,0,291,291,0,0,246,250,0,0,264,266,272,0
TG5,Tlaxcala_2015,0,0,0,0,156,156,0,0,166,170,0,0,213,225,0,0,270,279,0,0,189,192,0,0,341,356,0,0,173,175,0,0,266,268,0,0,285,291,0,0,244,244,0,0,264,266,0,0
TG7,Tlaxcala_2015,166,176,0,0,156,160,0,0,170,170,0,0,213,217,0,0,279,279,0,0,192,192,0,0,341,356,0,0,173,173,0,0,268,268,0,0,291,291,0,0,246,250,0,0,264,266,272,0
TG9,Tlaxcala_2015,172,174,0,0,162,164,0,0,170,170,0,0,213,225,0,0,279,279,0,0,192,192,0,0,341,356,0,0,173,173,0,0,266,266,0,0,291,297,0,0,244,244,0,0,260,260,0,0
CHC1-16,Chapingo_2016,148,148,0,0,142,156,0,0,166,166,0,0,209,217,0,0,273,279,0,0,192,192,0,0,331,331,0,0,173,173,0,0,260,268,0,0,285,297,0,0,244,244,0,0,264,266,0,0
CHC13-16,Chapingo_2016,140,140,0,0,152,210,0,0,166,166,0,0,209,213,0,0,270,279,0,0,192,192,0,0,341,356,0,0,173,173,0,0,266,268,0,0,285,291,0,0,244,244,0,0,260,266,0,0
CHC14-16,Chapingo_2016,140,140,0,0,152,210,0,0,166,166,0,0,209,213,0,0,270,279,0,0,192,192,0,0,341,356,0,0,173,173,0,0,266,268,0,0,285,291,0,0,244,244,0,0,260,266,0,0
CHC19-16,Chapingo_2016,210,212,0,0,156,162,0,0,170,170,0,0,213,213,0,0,273,279,0,0,192,192,0,0,356,356,0,0,173,173,0,0,264,266,0,0,295,295,0,0,244,244,0,0,264,266,0,0
CHC20-16,Chapingo_2016,0,0,0,0,156,156,0,0,166,166,0,0,209,213,0,0,279,279,0,0,192,192,0,0,346,356,0,0,173,173,0,0,266,266,0,0,289,291,0,0,244,244,0,0,264,266,0,0
CHC22-16,Chapingo_2016,172,174,0,0,156,160,0,0,166,170,0,0,209,213,0,0,270,279,0,0,192,192,0,0,341,356,0,0,173,173,0,0,258,262,0,0,291,291,0,0,244,244,0,0,266,266,0,0
CHC23-16,Chapingo_2016,172,174,0,0,156,160,0,0,166,170,0,0,209,213,0,0,270,279,0,0,192,192,0,0,341,356,0,0,173,173,0,0,258,262,0,0,291,291,0,0,244,244,0,0,266,266,0,0
CHC24-16,Chapingo_2016,140,140,0,0,152,210,0,0,166,166,0,0,209,213,0,0,270,279,0,0,192,192,0,0,341,356,0,0,173,173,0,0,266,268,0,0,285,291,0,0,244,244,0,0,260,266,0,0
CHC25-16,Chapingo_2016,140,140,0,0,152,210,0,0,166,166,0,0,209,213,0,0,270,279,0,0,192,192,0,0,341,356,0,0,173,173,0,0,266,268,0,0,285,291,0,0,244,244,0,0,260,266,0,0
CHC27-16,Chapingo_2016,0,0,0,0,156,156,0,0,166,166,0,0,209,213,0,0,279,279,0,0,192,192,0,0,346,356,0,0,173,173,0,0,266,266,0,0,289,291,0,0,244,244,0,0,264,266,0,0
CHC29-16,Chapingo_2016,144,144,0,0,162,162,0,0,170,170,0,0,209,213,0,0,270,273,0,0,192,192,0,0,331,356,0,0,173,173,0,0,262,264,0,0,285,289,0,0,244,244,0,0,260,266,0,0
CHC31-16,Chapingo_2016,144,144,0,0,162,162,0,0,170,170,0,0,209,213,0,0,270,273,0,0,192,192,0,0,331,356,0,0,173,173,0,0,262,264,0,0,285,289,0,0,244,244,0,0,260,266,0,0
CHC33-16,Chapingo_2016,140,140,0,0,152,210,0,0,166,166,0,0,209,213,0,0,270,279,0,0,192,192,0,0,341,356,0,0,173,173,0,0,266,268,0,0,285,291,0,0,244,244,0,0,260,266,0,0
CHC34-16,Chapingo_2016,148,148,0,0,138,156,0,0,166,166,0,0,209,217,0,0,273,279,0,0,192,192,0,0,331,331,0,0,173,173,0,0,260,268,0,0,285,297,0,0,244,244,0,0,264,266,0,0
CHC39-16,Chapingo_2016,140,140,0,0,152,210,0,0,166,166,0,0,209,213,0,0,270,279,0,0,192,192,0,0,341,356,0,0,173,173,0,0,266,268,0,0,285,291,0,0,244,244,0,0,260,266,0,0
CHC40-16,Chapingo_2016,0,0,0,0,156,156,0,0,166,166,0,0,209,213,0,0,279,279,0,0,192,192,0,0,346,356,0,0,173,173,0,0,266,266,0,0,289,291,0,0,244,244,0,0,264,266,0,0
CHC4-16,Chapingo_2016,0,0,0,0,156,156,0,0,166,166,0,0,209,213,0,0,279,279,0,0,192,192,0,0,346,356,0,0,173,173,0,0,266,266,0,0,289,291,0,0,244,244,0,0,264,266,0,0
CHC44-16,Chapingo_2016,140,140,0,0,152,210,0,0,166,166,0,0,209,213,0,0,270,279,0,0,192,192,0,0,341,356,0,0,171,173,0,0,266,268,0,0,285,291,0,0,244,244,0,0,260,266,0,0
CHC45-16,Chapingo_2016,0,0,0,0,156,156,0,0,166,166,0,0,209,213,0,0,279,279,0,0,192,192,0,0,346,356,0,0,173,173,0,0,266,266,0,0,289,291,0,0,244,244,0,0,264,266,0,0
CHC47-16,Chapingo_2016,108,110,0,0,138,138,0,0,166,170,0,0,213,217,0,0,273,279,0,0,192,192,0,0,341,356,0,0,173,173,0,0,268,268,0,0,289,313,0,0,242,244,0,0,260,266,0,0
CHC48-16,Chapingo_2016,172,174,0,0,156,160,0,0,166,170,0,0,209,213,0,0,270,279,0,0,192,192,0,0,341,356,0,0,173,173,0,0,258,262,0,0,291,291,0,0,244,244,0,0,266,266,0,0
CHC51-16,Chapingo_2016,172,174,0,0,156,160,0,0,166,170,0,0,209,213,0,0,270,279,0,0,192,192,0,0,341,356,0,0,173,173,0,0,258,262,0,0,291,291,0,0,244,244,0,0,266,266,0,0
CHC53-16,Chapingo_2016,140,140,0,0,152,210,0,0,166,166,0,0,209,213,0,0,270,279,0,0,192,192,0,0,341,356,0,0,173,173,0,0,266,268,0,0,285,291,0,0,244,244,0,0,260,266,0,0
CHC54-16,Chapingo_2016,0,0,0,0,156,156,0,0,166,166,0,0,209,213,0,0,279,279,0,0,192,192,0,0,346,356,0,0,173,173,0,0,266,266,0,0,289,291,0,0,244,244,0,0,264,266,0,0
CHC55-16,Chapingo_2016,140,140,0,0,152,210,0,0,166,166,0,0,209,213,0,0,270,279,0,0,192,192,0,0,341,356,0,0,173,173,0,0,266,268,0,0,285,291,0,0,244,244,0,0,260,266,0,0
CHC6-16,Chapingo_2016,140,140,0,0,152,210,0,0,166,166,0,0,209,213,0,0,270,279,0,0,192,192,0,0,341,356,0,0,173,173,0,0,266,268,0,0,285,291,0,0,244,244,0,0,260,266,0,0
CHC63-16,Chapingo_2016,0,0,0,0,156,156,0,0,166,166,0,0,209,213,0,0,279,279,0,0,192,192,0,0,346,356,0,0,173,173,0,0,266,266,0,0,289,291,0,0,244,244,0,0,264,266,0,0
CHC64-16,Chapingo_2016,0,0,0,0,156,156,0,0,166,166,0,0,209,213,0,0,279,279,0,0,192,192,0,0,346,356,0,0,173,173,0,0,266,266,0,0,289,291,0,0,244,244,0,0,264,266,0,0
CHC65-16,Chapingo_2016,0,0,0,0,156,156,0,0,166,166,0,0,209,213,0,0,279,279,0,0,192,192,0,0,346,356,0,0,173,173,0,0,266,266,0,0,289,291,0,0,244,244,0,0,264,266,0,0
CHC66-16,Chapingo_2016,0,0,0,0,156,156,0,0,166,166,0,0,209,213,0,0,279,279,0,0,192,192,0,0,346,356,0,0,173,173,0,0,266,266,0,0,289,291,0,0,244,244,0,0,264,266,0,0
CHC68-16,Chapingo_2016,0,0,0,0,156,156,0,0,166,166,0,0,209,213,0,0,279,279,0,0,192,192,0,0,346,356,0,0,173,173,0,0,266,266,0,0,289,291,0,0,244,244,0,0,264,266,0,0
CHC69-16,Chapingo_2016,140,140,0,0,152,210,0,0,166,166,0,0,209,213,0,0,270,279,0,0,192,192,0,0,341,356,0,0,173,173,0,0,266,268,0,0,285,291,0,0,244,244,0,0,260,266,0,0
CHC70-16,Chapingo_2016,140,140,0,0,152,210,0,0,166,166,0,0,209,213,0,0,270,279,0,0,192,192,0,0,341,356,0,0,173,173,0,0,266,268,0,0,285,291,0,0,244,244,0,0,260,266,0,0
CHC71-16,Chapingo_2016,140,140,0,0,152,210,0,0,166,166,0,0,209,213,0,0,270,279,0,0,192,192,0,0,341,356,0,0,173,173,0,0,266,268,0,0,285,291,0,0,244,244,0,0,260,266,0,0
CHC73-16,Chapingo_2016,172,174,0,0,156,160,0,0,166,170,0,0,209,213,0,0,270,279,0,0,192,192,0,0,341,356,0,0,173,173,0,0,258,262,0,0,291,291,0,0,244,244,0,0,266,266,0,0
CHC74-16,Chapingo_2016,172,174,0,0,156,160,0,0,166,170,0,0,209,213,0,0,270,279,0,0,192,192,0,0,341,356,0,0,173,173,0,0,258,262,0,0,291,291,0,0,244,244,0,0,266,266,0,0
CHC76-16,Chapingo_2016,0,0,0,0,156,156,0,0,166,166,0,0,209,213,0,0,279,279,0,0,192,192,0,0,346,356,0,0,173,173,0,0,266,266,0,0,289,291,0,0,244,244,0,0,264,266,0,0
CHC78-16,Chapingo_2016,174,176,0,0,156,206,0,0,170,170,0,0,217,217,0,0,279,279,0,0,192,192,0,0,341,356,0,0,173,173,0,0,266,266,0,0,291,291,0,0,242,244,0,0,264,266,0,0
CHC79-16,Chapingo_2016,174,176,0,0,152,156,0,0,166,170,0,0,209,209,0,0,270,279,0,0,189,192,0,0,341,346,0,0,175,177,0,0,262,266,0,0,293,293,0,0,244,244,0,0,260,266,272,0
CHC8-16,Chapingo_2016,172,174,0,0,156,160,0,0,166,170,0,0,209,213,0,0,270,279,0,0,192,192,0,0,341,356,0,0,173,173,0,0,258,262,0,0,291,291,0,0,244,244,0,0,266,266,0,0
CHC82-16,Chapingo_2016,0,0,0,0,156,156,0,0,166,166,0,0,209,213,0,0,279,279,0,0,192,192,0,0,346,356,0,0,173,173,0,0,266,266,0,0,289,291,0,0,244,244,0,0,264,266,0,0
CHC83-16,Chapingo_2016,0,0,0,0,156,156,0,0,166,166,0,0,209,213,0,0,279,279,0,0,192,192,0,0,346,356,0,0,173,173,0,0,266,266,0,0,289,291,0,0,244,244,0,0,264,266,0,0
CHC84-16,Chapingo_2016,0,0,0,0,156,156,0,0,166,166,0,0,209,213,0,0,279,279,0,0,192,192,0,0,346,356,0,0,173,173,0,0,266,266,0,0,289,291,0,0,244,244,0,0,264,266,0,0
CHC9-16,Chapingo_2016,0,0,0,0,156,156,0,0,166,166,0,0,209,213,0,0,279,279,0,0,192,192,0,0,346,356,0,0,173,173,0,0,266,266,0,0,289,291,0,0,244,244,0,0,264,266,0,0
CHO13-16,Chapingo_2016,148,148,0,0,138,156,0,0,166,166,0,0,209,217,0,0,273,279,0,0,192,192,0,0,331,331,0,0,173,173,0,0,260,268,0,0,285,297,0,0,244,244,0,0,264,266,0,0
CHO14-16,Chapingo_2016,0,0,0,0,156,156,0,0,166,166,0,0,209,213,0,0,279,279,0,0,192,192,0,0,346,356,0,0,173,173,0,0,266,266,0,0,289,291,0,0,244,244,0,0,264,266,0,0
CHO15-16,Chapingo_2016,0,0,0,0,156,156,0,0,166,166,0,0,209,213,0,0,279,279,0,0,192,192,0,0,346,356,0,0,173,173,0,0,266,266,0,0,289,291,0,0,244,244,0,0,264,266,0,0
CHO17-16,Chapingo_2016,148,148,0,0,138,156,0,0,166,166,0,0,209,217,0,0,273,279,0,0,192,192,0,0,331,331,0,0,173,173,0,0,260,268,0,0,285,297,0,0,244,244,0,0,264,266,0,0
CHO18-16,Chapingo_2016,172,174,0,0,156,160,0,0,166,170,0,0,209,213,0,0,270,279,0,0,192,192,0,0,341,356,0,0,173,173,0,0,258,262,0,0,291,291,0,0,244,244,0,0,266,266,0,0
CHO21-16,Chapingo_2016,0,0,0,0,156,156,0,0,166,166,0,0,209,213,0,0,279,279,0,0,192,192,0,0,346,356,0,0,173,173,0,0,266,266,0,0,289,291,0,0,244,244,0,0,264,266,0,0
CHO2-16,Chapingo_2016,140,144,0,0,152,210,0,0,166,166,0,0,209,213,0,0,270,279,0,0,192,192,0,0,341,356,0,0,173,173,0,0,266,268,0,0,285,291,0,0,244,244,0,0,260,266,0,0
CHO22-16,Chapingo_2016,144,144,0,0,162,162,0,0,170,170,0,0,209,213,0,0,270,273,0,0,192,192,0,0,331,356,0,0,173,173,0,0,262,264,0,0,285,289,0,0,244,244,0,0,260,266,0,0
CHO23-16,Chapingo_2016,0,0,0,0,156,156,0,0,166,166,0,0,209,213,0,0,279,279,0,0,192,192,0,0,346,356,0,0,173,173,0,0,266,266,0,0,289,291,0,0,244,244,0,0,264,266,0,0
CHO24-16,Chapingo_2016,0,0,0,0,156,156,0,0,166,166,0,0,209,213,0,0,279,279,0,0,192,192,0,0,346,356,0,0,173,173,0,0,266,266,0,0,289,291,0,0,244,244,0,0,264,266,0,0
CHO4-16,Chapingo_2016,0,0,0,0,156,206,0,0,170,170,0,0,213,213,0,0,279,279,0,0,192,192,0,0,341,346,0,0,173,177,0,0,266,266,0,0,291,293,0,0,244,244,0,0,260,260,0,0
CHO5-16,Chapingo_2016,0,0,0,0,156,156,0,0,166,166,0,0,209,213,0,0,279,279,0,0,192,192,0,0,346,356,0,0,173,173,0,0,266,266,0,0,289,291,0,0,244,244,0,0,264,266,0,0
CHTO10-16,Chapingo_2016,210,212,0,0,156,162,0,0,170,170,0,0,213,213,0,0,273,279,0,0,192,192,0,0,356,356,0,0,173,173,0,0,264,266,0,0,295,295,0,0,244,244,0,0,264,266,0,0
CHTO11-16,Chapingo_2016,144,144,0,0,162,162,0,0,170,170,0,0,209,213,0,0,270,273,0,0,192,192,0,0,331,356,0,0,173,173,0,0,262,264,0,0,285,289,0,0,244,244,0,0,260,266,0,0
CHTO1-16,Chapingo_2016,144,144,0,0,162,162,0,0,170,170,0,0,209,213,0,0,270,273,0,0,192,192,0,0,331,356,0,0,173,173,0,0,262,264,0,0,285,289,0,0,244,244,0,0,260,266,0,0
CHTO12-16,Chapingo_2016,172,174,0,0,156,160,0,0,166,170,0,0,209,213,0,0,270,279,0,0,192,192,0,0,341,356,0,0,173,173,0,0,258,262,0,0,291,291,0,0,244,244,0,0,266,266,0,0
CHTO15-16,Chapingo_2016,140,140,0,0,152,210,0,0,166,166,0,0,209,213,0,0,270,279,0,0,192,192,0,0,341,356,0,0,173,173,0,0,266,268,0,0,285,291,0,0,244,244,0,0,260,266,0,0
CHTO17-16,Chapingo_2016,212,214,217,0,156,206,0,0,170,170,0,0,213,225,0,0,279,279,0,0,192,192,0,0,341,356,0,0,173,177,0,0,258,266,0,0,295,295,0,0,244,246,0,0,260,266,272,0
CHTO18-16,Chapingo_2016,148,148,0,0,138,156,0,0,166,166,0,0,209,217,0,0,273,279,0,0,192,192,0,0,331,331,0,0,173,173,0,0,260,268,0,0,285,297,0,0,244,244,0,0,264,266,0,0
CHTO19-16,Chapingo_2016,172,174,0,0,156,160,0,0,166,170,0,0,209,213,0,0,270,279,0,0,192,192,0,0,341,356,0,0,173,173,0,0,258,262,0,0,291,291,0,0,244,244,0,0,266,266,0,0
CHTO2-16,Chapingo_2016,210,212,0,0,156,162,0,0,170,170,0,0,213,213,0,0,273,279,0,0,192,192,0,0,356,356,0,0,173,173,0,0,264,266,0,0,295,295,0,0,244,244,0,0,264,266,0,0
CHTO3-16,Chapingo_2016,210,212,0,0,156,162,0,0,170,170,0,0,213,213,0,0,273,279,0,0,192,192,0,0,356,356,0,0,173,173,0,0,264,266,0,0,295,295,0,0,244,244,0,0,264,266,0,0
CHTO6-16,Chapingo_2016,172,174,0,0,156,160,0,0,166,170,0,0,209,213,0,0,270,279,0,0,192,192,0,0,341,356,0,0,173,173,0,0,258,262,0,0,291,291,0,0,244,244,0,0,266,266,0,0
CHTO8-16,Chapingo_2016,172,174,0,0,156,160,0,0,166,170,0,0,209,213,0,0,270,279,0,0,192,192,0,0,341,356,0,0,173,173,0,0,258,262,0,0,291,291,0,0,244,244,0,0,266,266,0,0
CHTO9-16,Chapingo_2016,112,190,0,0,152,154,0,0,170,170,0,0,213,217,0,0,279,279,0,0,192,192,0,0,356,356,0,0,173,175,0,0,258,266,0,0,289,293,0,0,244,250,0,0,260,266,0,0
JFH100-16,Juchitepec_2016,114,114,0,0,156,156,0,0,170,170,0,0,213,217,0,0,279,279,0,0,192,192,0,0,341,356,0,0,173,175,0,0,256,270,0,0,295,299,0,0,244,244,0,0,260,260,0,0
JFH101-16,Juchitepec_2016,210,212,0,0,142,142,0,0,170,170,0,0,213,217,0,0,273,279,0,0,189,192,0,0,356,356,0,0,173,177,0,0,266,268,0,0,291,299,0,0,242,244,0,0,260,264,0,0
JFH104-16,Juchitepec_2016,170,170,0,0,152,206,0,0,166,170,0,0,209,217,0,0,279,279,0,0,189,192,0,0,341,356,0,0,177,177,0,0,266,268,0,0,289,303,0,0,242,244,0,0,260,264,0,0
JFH108-16,Juchitepec_2016,210,212,0,0,156,156,0,0,166,170,0,0,217,217,0,0,279,279,0,0,189,192,0,0,341,356,0,0,173,175,0,0,266,268,0,0,291,299,0,0,244,244,0,0,264,264,0,0
JFH109-16,Juchitepec_2016,118,118,0,0,156,202,0,0,166,170,0,0,213,213,0,0,279,279,0,0,192,192,0,0,341,341,0,0,173,177,0,0,256,266,0,0,291,293,0,0,244,244,0,0,260,260,0,0
JFH111-16,Juchitepec_2016,210,212,0,0,156,156,0,0,166,170,0,0,217,217,0,0,279,279,0,0,189,192,0,0,341,356,0,0,173,175,0,0,266,268,0,0,291,299,0,0,244,244,0,0,264,264,0,0
JFH115-16,Juchitepec_2016,0,0,0,0,210,210,0,0,166,170,0,0,209,213,0,0,270,279,0,0,189,192,0,0,341,341,0,0,173,177,0,0,256,256,0,0,299,299,0,0,244,244,0,0,260,264,0,0
JFH118-16,Juchitepec_2016,114,114,0,0,156,156,0,0,170,170,0,0,213,217,0,0,279,279,0,0,192,192,0,0,341,356,0,0,173,175,0,0,256,270,0,0,295,299,0,0,244,244,0,0,260,260,0,0
JFH119-16,Juchitepec_2016,0,0,0,0,210,210,0,0,166,170,0,0,209,213,0,0,270,279,0,0,189,192,0,0,341,341,0,0,173,177,0,0,256,256,0,0,299,299,0,0,244,244,0,0,260,264,0,0
JFH122-16,Juchitepec_2016,110,110,0,0,134,226,0,0,170,170,0,0,209,209,0,0,279,279,0,0,192,192,0,0,341,356,0,0,175,177,0,0,258,266,0,0,293,293,0,0,242,244,0,0,260,260,0,0
JFH123-16,Juchitepec_2016,210,212,0,0,162,206,210,0,170,170,0,0,209,217,0,0,279,279,0,0,189,192,0,0,341,356,0,0,173,175,177,0,266,270,0,0,289,289,0,0,242,244,0,0,260,264,272,0
JFH125-16,Juchitepec_2016,174,176,0,0,160,206,0,0,166,170,0,0,209,217,0,0,279,279,0,0,189,192,0,0,341,346,0,0,173,175,0,0,256,266,0,0,293,293,0,0,244,244,0,0,260,266,272,0
JFH130-16,Juchitepec_2016,118,118,0,0,156,160,0,0,166,170,0,0,217,217,0,0,279,279,0,0,192,192,0,0,341,346,0,0,173,173,0,0,266,268,0,0,291,299,0,0,242,244,0,0,264,266,0,0
JFH137-16,Juchitepec_2016,118,118,0,0,152,156,0,0,166,170,0,0,209,213,217,0,270,279,0,0,189,192,0,0,341,346,356,0,173,175,177,0,256,258,0,0,291,299,0,0,242,244,0,0,260,264,266,0
JFH139-16,Juchitepec_2016,114,114,0,0,156,156,0,0,170,170,0,0,213,217,0,0,279,279,0,0,192,192,0,0,341,356,0,0,173,175,0,0,256,270,0,0,295,299,0,0,244,244,0,0,260,260,0,0
JFH14-16,Juchitepec_2016,136,136,0,0,156,164,0,0,166,170,0,0,217,221,0,0,279,279,0,0,189,189,0,0,356,356,0,0,173,173,0,0,268,268,0,0,289,293,0,0,242,244,0,0,260,260,0,0
JFH145-16,Juchitepec_2016,114,114,0,0,156,156,0,0,170,170,0,0,213,217,0,0,279,279,0,0,192,192,0,0,341,356,0,0,173,175,0,0,256,270,0,0,295,299,0,0,244,244,0,0,260,260,0,0
JFH152-16,Juchitepec_2016,118,118,0,0,152,156,0,0,166,170,0,0,217,217,0,0,270,279,0,0,192,192,0,0,346,356,0,0,173,175,0,0,256,258,0,0,291,299,0,0,242,244,0,0,260,266,0,0
JFH156-16,Juchitepec_2016,118,118,0,0,156,160,0,0,166,170,0,0,217,217,0,0,279,279,0,0,192,192,0,0,341,346,0,0,173,173,0,0,266,268,0,0,291,299,0,0,242,244,0,0,264,266,0,0
JFH157-16,Juchitepec_2016,118,118,0,0,152,156,0,0,166,170,0,0,217,217,0,0,270,279,0,0,192,192,0,0,346,356,0,0,173,175,0,0,256,258,0,0,291,299,0,0,242,244,0,0,260,266,0,0
JFH20-16,Juchitepec_2016,0,0,0,0,210,210,0,0,166,170,0,0,209,213,0,0,270,279,0,0,189,192,0,0,341,341,0,0,173,177,0,0,256,256,0,0,299,299,0,0,244,244,0,0,260,264,0,0
JFH25-16,Juchitepec_2016,210,212,0,0,156,156,0,0,166,170,0,0,217,217,0,0,279,279,0,0,189,192,0,0,341,356,0,0,173,175,0,0,266,268,0,0,291,299,0,0,244,244,0,0,264,264,0,0
JFH30-16,Juchitepec_2016,114,114,0,0,156,156,0,0,170,170,0,0,213,217,0,0,279,279,0,0,192,192,0,0,341,356,0,0,173,175,0,0,256,270,0,0,295,299,0,0,244,244,0,0,260,260,0,0
JFH32-16,Juchitepec_2016,118,118,0,0,206,206,0,0,166,170,0,0,209,217,0,0,279,279,0,0,192,192,0,0,341,356,0,0,173,175,0,0,266,266,0,0,285,289,0,0,242,244,0,0,260,266,0,0
JFH33-16,Juchitepec_2016,136,136,0,0,156,164,0,0,166,170,0,0,217,221,0,0,279,279,0,0,189,189,0,0,356,356,0,0,173,173,0,0,268,268,0,0,289,293,0,0,242,244,0,0,260,260,0,0
JFH35-16,Juchitepec_2016,174,176,0,0,156,156,0,0,166,170,0,0,209,213,0,0,279,279,0,0,192,192,0,0,341,356,0,0,173,177,0,0,256,266,0,0,285,285,0,0,242,244,0,0,260,266,272,0
JFH36-16,Juchitepec_2016,118,118,0,0,152,156,0,0,166,170,0,0,217,217,0,0,270,279,0,0,192,192,0,0,346,356,0,0,173,175,0,0,256,258,0,0,291,299,0,0,242,244,0,0,260,266,0,0
JFH39-16,Juchitepec_2016,0,0,0,0,210,210,0,0,166,170,0,0,209,213,0,0,270,279,0,0,189,192,0,0,341,341,0,0,173,177,0,0,256,256,0,0,299,299,0,0,244,244,0,0,260,264,0,0
JFH42-16,Juchitepec_2016,118,118,0,0,214,214,0,0,166,170,0,0,213,213,0,0,279,279,0,0,192,192,0,0,341,341,0,0,173,177,0,0,264,266,0,0,289,289,0,0,244,244,0,0,264,266,272,0
JFH44-16,Juchitepec_2016,118,118,0,0,152,156,0,0,166,170,0,0,217,217,0,0,270,279,0,0,192,192,0,0,346,356,0,0,173,175,0,0,256,258,0,0,291,299,0,0,242,244,0,0,260,266,0,0
JFH47-16,Juchitepec_2016,210,212,0,0,156,156,0,0,166,170,0,0,217,217,0,0,279,279,0,0,189,192,195,0,341,356,0,0,173,175,0,0,266,268,0,0,291,299,0,0,244,244,0,0,264,264,0,0
JFH48-16,Juchitepec_2016,210,212,0,0,152,210,0,0,170,170,0,0,209,213,0,0,273,279,0,0,189,192,0,0,356,356,0,0,173,173,0,0,266,266,0,0,289,293,0,0,242,256,0,0,260,260,0,0
JFH49-16,Juchitepec_2016,114,114,0,0,156,206,0,0,166,166,0,0,209,213,0,0,279,279,0,0,192,192,0,0,341,341,0,0,173,175,0,0,256,262,0,0,287,289,0,0,242,244,0,0,260,260,0,0
JFH50-16,Juchitepec_2016,174,176,0,0,152,156,0,0,166,170,0,0,209,209,0,0,270,279,0,0,189,192,0,0,341,346,0,0,175,177,0,0,262,266,0,0,293,293,0,0,244,244,0,0,260,266,272,0
JFH51-16,Juchitepec_2016,208,210,0,0,166,210,0,0,166,170,0,0,213,217,0,0,270,279,0,0,192,192,0,0,346,356,0,0,173,173,0,0,258,266,0,0,289,291,0,0,244,244,0,0,260,266,0,0
JFH52-16,Juchitepec_2016,0,0,0,0,210,210,0,0,166,170,0,0,209,213,0,0,270,279,0,0,189,192,0,0,341,341,0,0,173,177,0,0,256,256,0,0,299,299,0,0,244,244,0,0,260,264,0,0
JFH53-16,Juchitepec_2016,0,0,0,0,210,210,0,0,166,170,0,0,209,213,0,0,270,279,0,0,189,192,0,0,341,341,0,0,173,177,0,0,256,256,0,0,299,299,0,0,244,244,0,0,260,264,0,0
JFH57-16,Juchitepec_2016,0,0,0,0,210,210,0,0,166,170,0,0,209,213,0,0,270,279,0,0,189,192,0,0,341,341,0,0,173,177,0,0,256,256,0,0,299,299,0,0,244,244,0,0,260,264,0,0
JFH59-16,Juchitepec_2016,174,176,0,0,152,160,0,0,166,170,0,0,209,213,0,0,273,279,0,0,192,192,0,0,356,356,0,0,177,177,0,0,256,266,0,0,289,293,0,0,244,244,0,0,260,266,0,0
JFH60-16,Juchitepec_2016,174,176,0,0,152,160,0,0,166,170,0,0,209,213,0,0,273,279,0,0,192,192,0,0,356,356,0,0,177,177,0,0,256,266,0,0,289,293,0,0,244,244,0,0,260,266,0,0
JFH61-16,Juchitepec_2016,210,212,0,0,142,142,0,0,170,170,0,0,213,217,0,0,273,279,0,0,189,192,0,0,356,356,0,0,173,177,0,0,266,268,0,0,291,299,0,0,242,244,0,0,260,264,0,0
JFH65-16,Juchitepec_2016,114,114,0,0,156,156,0,0,170,170,0,0,213,217,0,0,279,279,0,0,192,192,0,0,341,356,0,0,173,175,0,0,256,270,0,0,295,299,0,0,244,244,0,0,260,260,0,0
JFH67-16,Juchitepec_2016,114,114,0,0,156,156,0,0,170,170,0,0,213,217,0,0,279,279,0,0,192,192,0,0,341,356,0,0,173,175,0,0,256,270,0,0,295,299,0,0,244,244,0,0,260,260,0,0
JFH68-16,Juchitepec_2016,210,212,0,0,156,156,0,0,166,170,0,0,217,217,0,0,279,279,0,0,189,192,0,0,341,356,0,0,173,175,0,0,266,268,0,0,291,299,0,0,244,244,0,0,264,264,0,0
JFH69-16,Juchitepec_2016,0,0,0,0,210,210,0,0,166,170,0,0,209,213,0,0,270,279,0,0,189,192,0,0,341,341,0,0,173,177,0,0,256,256,0,0,299,299,0,0,244,244,0,0,260,264,0,0
JFH70-16,Juchitepec_2016,0,0,0,0,210,210,0,0,166,170,0,0,209,213,0,0,270,279,0,0,189,192,0,0,341,341,0,0,173,177,0,0,256,256,0,0,299,299,0,0,244,244,0,0,260,264,0,0
JFH7-16,Juchitepec_2016,0,0,0,0,210,210,0,0,166,170,0,0,209,213,0,0,270,279,0,0,189,192,0,0,341,341,0,0,173,177,0,0,256,256,0,0,299,299,0,0,244,244,0,0,260,264,0,0
JFH72-16,Juchitepec_2016,160,162,174,176,152,206,0,0,166,170,0,0,217,217,0,0,279,279,0,0,192,192,0,0,341,356,0,0,173,173,0,0,262,266,0,0,303,303,0,0,244,244,0,0,266,272,0,0
JFH80-16,Juchitepec_2016,0,0,0,0,156,156,0,0,170,170,0,0,209,213,0,0,273,279,0,0,192,192,0,0,341,356,0,0,173,175,0,0,256,266,0,0,289,295,0,0,242,244,0,0,260,260,0,0
JFH8-16,Juchitepec_2016,0,0,0,0,152,206,0,0,166,170,0,0,209,217,0,0,273,279,0,0,192,192,0,0,341,356,0,0,173,175,0,0,266,266,0,0,289,293,0,0,244,244,0,0,260,260,0,0
JFH88-16,Juchitepec_2016,0,0,0,0,146,152,0,0,166,170,0,0,217,217,0,0,273,279,0,0,189,192,0,0,341,346,356,0,175,177,0,0,262,268,0,0,293,293,0,0,244,244,0,0,260,260,0,0
JFH93-16,Juchitepec_2016,114,114,0,0,156,162,0,0,166,170,0,0,213,217,0,0,270,273,0,0,192,192,0,0,341,356,0,0,173,175,0,0,266,268,0,0,289,293,0,0,234,244,0,0,260,264,0,0
JFH94-16,Juchitepec_2016,114,114,0,0,156,156,0,0,170,170,0,0,213,217,0,0,279,279,0,0,192,192,0,0,341,356,0,0,173,175,0,0,256,270,0,0,295,299,0,0,244,244,0,0,260,260,0,0
JFH99-16,Juchitepec_2016,0,0,0,0,130,210,0,0,166,170,0,0,209,213,0,0,279,279,0,0,192,192,0,0,356,356,0,0,173,175,0,0,262,268,0,0,285,293,0,0,242,244,0,0,264,266,0,0
JFT7-16,Juchitepec_2016,174,176,0,0,156,206,0,0,170,170,0,0,217,217,0,0,279,279,0,0,192,192,0,0,341,356,0,0,173,173,0,0,266,266,0,0,291,291,0,0,242,244,0,0,264,266,0,0
JFT8-16,Juchitepec_2016,174,176,0,0,156,206,0,0,170,170,0,0,217,217,0,0,279,279,0,0,192,192,0,0,341,356,0,0,173,173,0,0,266,266,0,0,291,291,0,0,242,244,0,0,264,266,0,0
JFT9-16,Juchitepec_2016,114,114,0,0,156,162,0,0,166,170,0,0,213,217,0,0,270,273,0,0,192,192,0,0,341,356,0,0,173,175,0,0,266,268,0,0,289,293,0,0,234,244,0,0,260,264,0,0
SGF39-16,San Gerónimo_2016,190,190,0,0,164,164,0,0,166,166,0,0,209,213,0,0,273,279,0,0,189,192,0,0,341,341,0,0,173,173,0,0,266,268,0,0,289,293,0,0,244,244,0,0,260,260,0,0
SGF4-16,San Gerónimo_2016,150,150,0,0,162,212,0,0,166,170,0,0,213,213,0,0,270,279,0,0,189,192,0,0,341,341,0,0,173,173,0,0,266,268,0,0,291,293,0,0,244,244,0,0,260,260,0,0
SGF48,San Gerónimo_2016,110,110,0,0,160,212,0,0,170,170,0,0,213,217,0,0,279,279,0,0,192,192,0,0,356,356,0,0,173,173,0,0,266,268,0,0,289,295,0,0,244,244,0,0,260,266,0,0
SGF57,San Gerónimo_2016,210,212,0,0,160,162,0,0,166,170,0,0,209,223,0,0,270,279,0,0,189,189,0,0,341,341,0,0,173,173,0,0,266,266,0,0,291,295,0,0,242,244,0,0,260,266,0,0
SGF61,San Gerónimo_2016,136,140,0,0,152,164,0,0,166,170,0,0,209,213,0,0,279,279,0,0,192,192,0,0,356,356,0,0,173,175,0,0,258,266,0,0,289,291,0,0,244,244,0,0,260,266,0,0
SGF64,San Gerónimo_2016,0,0,0,0,206,206,0,0,166,170,0,0,213,213,0,0,270,279,0,0,192,192,0,0,341,341,0,0,173,175,0,0,260,268,0,0,293,293,0,0,244,244,0,0,260,264,0,0
SGF76,San Gerónimo_2016,136,228,230,0,152,206,0,0,166,170,0,0,209,225,0,0,279,279,0,0,192,192,0,0,341,356,0,0,173,175,0,0,268,268,0,0,289,289,0,0,242,244,0,0,264,266,0,0
SGF88-16,San Gerónimo_2016,140,140,0,0,142,142,0,0,166,170,0,0,209,213,0,0,270,270,0,0,189,192,0,0,341,356,0,0,173,175,0,0,262,266,268,0,289,293,0,0,244,250,0,0,260,266,272,0
TG14,Tlaxcala_2015,136,140,0,0,0,0,0,0,170,170,0,0,213,213,0,0,279,279,0,0,192,192,0,0,346,356,0,0,173,175,0,0,266,270,0,0,289,289,0,0,244,244,0,0,264,266,272,0
TG21,Tlaxcala_2015,108,140,0,0,154,156,206,0,166,170,0,0,209,223,225,0,270,279,0,0,186,189,192,0,341,356,0,0,173,175,0,0,268,268,0,0,285,291,0,0,244,244,0,0,260,264,266,0
TG22,Tlaxcala_2015,140,140,0,0,154,154,0,0,166,170,0,0,213,217,0,0,279,279,0,0,192,192,0,0,341,341,0,0,173,173,0,0,270,270,0,0,0,0,0,0,244,244,0,0,260,266,272,0
TT10,Tlaxcala_2015,140,206,208,0,160,160,0,0,166,170,0,0,209,209,0,0,279,279,0,0,189,192,0,0,331,341,0,0,173,177,0,0,268,270,0,0,291,299,0,0,244,244,0,0,264,266,0,0
J104,Michoacan_2001/2010,0,0,0,0,134,156,0,0,166,170,0,0,213,213,0,0,279,279,0,0,192,192,0,0,331,356,0,0,173,173,0,0,258,266,0,0,289,289,0,0,236,244,0,0,260,266,0,0
J107,Michoacan_2001/2010,110,110,0,0,134,134,0,0,166,170,0,0,213,213,0,0,273,273,0,0,192,192,0,0,331,356,0,0,173,173,0,0,258,266,0,0,285,291,0,0,242,244,0,0,264,264,0,0
J204,Michoacan_2001/2010,108,108,0,0,156,156,0,0,166,170,0,0,213,213,0,0,273,273,0,0,192,192,0,0,356,356,0,0,173,173,0,0,266,266,0,0,285,307,0,0,242,242,0,0,264,264,0,0
J207,Michoacan_2001/2010,110,110,0,0,134,134,0,0,166,170,0,0,213,213,0,0,273,273,0,0,192,192,0,0,331,356,0,0,173,173,0,0,258,266,0,0,285,291,0,0,242,244,0,0,264,264,0,0
J404,Michoacan_2001/2010,0,0,0,0,134,156,0,0,166,170,0,0,213,213,0,0,279,279,0,0,192,192,0,0,331,356,0,0,173,173,0,0,258,266,0,0,289,289,0,0,236,244,0,0,260,266,0,0
J407,Michoacan_2001/2010,110,110,0,0,134,134,0,0,166,170,0,0,213,213,0,0,273,273,0,0,192,192,0,0,331,356,0,0,173,173,0,0,258,266,0,0,285,291,0,0,242,244,0,0,264,264,0,0
J507,Michoacan_2001/2010,110,110,0,0,134,134,0,0,166,170,0,0,213,213,0,0,273,273,0,0,192,192,0,0,331,356,0,0,173,173,0,0,258,266,0,0,285,291,0,0,242,244,0,0,264,264,0,0
J604,Michoacan_2001/2010,108,108,0,0,156,156,0,0,168,170,0,0,213,213,0,0,273,273,0,0,192,192,0,0,356,356,0,0,173,173,0,0,266,266,0,0,305,305,0,0,242,242,0,0,264,264,0,0
J707,Michoacan_2001/2010,108,108,0,0,156,156,0,0,166,170,0,0,213,213,0,0,273,273,0,0,192,192,0,0,356,356,0,0,173,173,0,0,266,266,0,0,283,303,0,0,242,242,0,0,264,264,0,0
J807,Michoacan_2001/2010,108,108,0,0,156,156,0,0,166,170,0,0,213,213,0,0,273,273,0,0,192,192,0,0,356,356,0,0,173,173,0,0,266,266,0,0,283,303,0,0,242,242,0,0,264,264,0,0
10H,Michoacan_2001/2010,108,108,0,0,134,156,0,0,166,170,0,0,213,213,0,0,273,273,0,0,192,192,0,0,341,356,0,0,173,173,0,0,264,268,0,0,289,291,0,0,236,236,0,0,260,264,0,0
11F,Michoacan_2001/2010,108,108,0,0,134,156,0,0,166,170,0,0,213,213,0,0,273,273,0,0,192,192,0,0,341,356,0,0,173,173,0,0,264,268,0,0,289,291,0,0,236,236,0,0,260,264,0,0
11H,Michoacan_2001/2010,108,108,0,0,134,156,0,0,166,170,0,0,213,213,0,0,273,273,0,0,192,192,0,0,341,356,0,0,173,173,0,0,264,268,0,0,291,291,0,0,236,236,0,0,260,264,0,0
12F,Michoacan_2001/2010,108,108,0,0,134,156,0,0,166,170,0,0,213,213,0,0,273,273,0,0,192,192,0,0,341,356,0,0,173,173,0,0,264,268,0,0,289,291,0,0,236,236,0,0,260,264,0,0
12H,Michoacan_2001/2010,108,108,0,0,134,156,0,0,166,170,0,0,213,213,0,0,273,273,0,0,192,192,0,0,341,356,0,0,173,173,0,0,264,268,0,0,289,291,0,0,236,236,0,0,260,264,0,0
13F,Michoacan_2001/2010,108,108,0,0,134,156,0,0,166,170,0,0,213,213,0,0,273,273,0,0,192,192,0,0,341,356,0,0,173,173,0,0,264,268,0,0,289,291,0,0,236,236,0,0,260,264,0,0
13H,Michoacan_2001/2010,108,108,0,0,134,156,0,0,166,170,0,0,213,213,0,0,273,273,0,0,192,192,0,0,341,356,0,0,173,173,0,0,264,268,0,0,289,291,0,0,236,236,0,0,260,264,0,0
14H,Michoacan_2001/2010,108,108,0,0,134,156,0,0,166,170,0,0,213,213,0,0,273,273,0,0,192,192,0,0,341,356,0,0,173,173,0,0,264,268,0,0,289,291,0,0,236,236,0,0,260,264,0,0
1T,Michoacan_2001/2010,108,108,0,0,134,156,0,0,166,170,0,0,213,213,0,0,273,273,0,0,192,192,0,0,341,356,0,0,173,173,0,0,264,268,0,0,289,291,0,0,236,236,0,0,260,264,0,0
2H,Michoacan_2001/2010,108,108,0,0,134,156,0,0,166,170,0,0,213,213,0,0,273,273,0,0,192,192,0,0,341,356,0,0,173,173,0,0,264,268,0,0,289,291,0,0,236,236,0,0,260,264,0,0
3H,Michoacan_2001/2010,108,108,0,0,134,156,0,0,166,170,0,0,213,213,0,0,273,273,0,0,192,192,0,0,341,356,0,0,173,173,0,0,264,268,0,0,289,291,0,0,236,236,0,0,260,264,0,0
4H,Michoacan_2001/2010,108,108,0,0,134,156,0,0,166,170,0,0,213,213,0,0,273,273,0,0,192,192,0,0,341,356,0,0,173,173,0,0,264,268,0,0,289,291,0,0,236,236,0,0,260,264,0,0
5H,Michoacan_2001/2010,108,108,0,0,134,156,0,0,166,170,0,0,213,213,0,0,273,273,0,0,192,192,0,0,341,356,0,0,173,173,0,0,264,268,0,0,289,291,0,0,236,236,0,0,260,264,0,0
9H,Michoacan_2001/2010,108,108,0,0,134,156,0,0,166,170,0,0,213,213,0,0,273,273,0,0,192,192,0,0,341,356,0,0,173,173,0,0,264,268,0,0,289,291,0,0,236,236,0,0,260,264,0,0
Mich7002,Michoacan_2001/2010,110,110,0,0,0,0,0,0,166,170,0,0,213,217,0,0,279,279,0,0,189,192,0,0,356,356,0,0,173,175,0,0,268,270,0,0,285,305,0,0,242,244,0,0,264,264,0,0
Mich7005,Michoacan_2001/2010,144,228,230,0,148,148,0,0,168,168,0,0,213,213,0,0,273,279,0,0,192,192,0,0,341,356,0,0,173,175,0,0,268,268,0,0,285,291,0,0,244,244,0,0,264,266,0,0
Mich7006,Michoacan_2001/2010,108,136,0,0,156,156,0,0,166,170,0,0,205,217,0,0,279,279,0,0,192,192,0,0,341,356,0,0,173,175,0,0,266,270,0,0,285,297,0,0,242,242,0,0,260,264,0,0
Mich7007,Michoacan_2001/2010,108,142,0,0,156,156,0,0,166,170,0,0,205,205,0,0,279,279,0,0,192,192,0,0,331,356,0,0,173,173,0,0,266,266,0,0,285,297,0,0,236,244,0,0,260,260,0,0
Mich7008,Michoacan_2001/2010,108,228,230,0,156,164,0,0,166,170,0,0,213,213,0,0,273,273,0,0,192,192,0,0,341,356,0,0,173,175,0,0,266,268,0,0,285,285,0,0,242,244,0,0,264,264,0,0
Mich7012,Michoacan_2001/2010,110,110,0,0,156,156,0,0,168,168,0,0,213,217,0,0,273,279,0,0,192,192,0,0,356,356,0,0,173,175,0,0,266,268,0,0,295,297,0,0,236,244,0,0,266,266,0,0
Mich7014,Michoacan_2001/2010,146,146,0,0,202,202,0,0,168,168,0,0,213,213,0,0,273,279,0,0,192,192,0,0,341,356,0,0,173,175,0,0,264,268,0,0,291,295,0,0,242,242,0,0,260,266,0,0
Mich7018,Michoacan_2001/2010,108,110,0,0,0,0,0,0,166,170,0,0,217,225,0,0,273,279,0,0,192,192,0,0,341,341,0,0,173,175,0,0,266,268,0,0,293,293,0,0,244,244,0,0,260,266,0,0
Mich7019,Michoacan_2001/2010,110,110,0,0,170,170,0,0,166,170,0,0,213,217,0,0,279,279,0,0,189,192,0,0,356,356,0,0,173,175,0,0,270,270,0,0,305,305,0,0,242,244,0,0,264,264,0,0
Mich7020,Michoacan_2001/2010,110,110,0,0,0,0,0,0,166,170,0,0,213,217,0,0,279,279,0,0,189,192,0,0,356,356,0,0,173,175,0,0,268,270,0,0,285,305,0,0,242,244,0,0,264,264,0,0
Mich7022,Michoacan_2001/2010,110,110,0,0,0,0,0,0,166,170,0,0,213,217,0,0,279,279,0,0,189,192,0,0,356,356,0,0,173,175,0,0,268,270,0,0,285,305,0,0,242,244,0,0,264,264,0,0
Mich7023,Michoacan_2001/2010,110,110,0,0,0,0,0,0,166,170,0,0,213,217,0,0,279,279,0,0,189,192,0,0,356,356,0,0,173,175,0,0,268,270,0,0,285,305,0,0,242,244,0,0,264,264,0,0
Mich7024,Michoacan_2001/2010,110,110,0,0,0,0,0,0,166,170,0,0,213,217,0,0,279,279,0,0,189,192,0,0,356,356,0,0,173,175,0,0,268,270,0,0,285,305,0,0,242,244,0,0,264,264,0,0
Mich7027,Michoacan_2001/2010,110,110,0,0,0,0,0,0,166,170,0,0,213,217,0,0,279,279,0,0,189,192,0,0,356,356,0,0,173,175,0,0,268,270,0,0,285,305,0,0,242,244,0,0,264,264,0,0
Mich7028,Michoacan_2001/2010,108,110,0,0,0,0,0,0,166,166,0,0,213,213,0,0,279,279,0,0,189,192,0,0,356,356,0,0,173,173,0,0,266,266,0,0,285,295,0,0,242,244,0,0,260,266,0,0
Mich7029,Michoacan_2001/2010,108,108,0,0,164,164,0,0,168,168,0,0,213,213,0,0,273,273,0,0,192,192,0,0,356,356,0,0,173,173,0,0,264,266,0,0,291,291,0,0,244,244,0,0,260,266,0,0
Mich7030,Michoacan_2001/2010,108,108,0,0,154,154,0,0,166,170,0,0,205,217,0,0,279,279,0,0,192,192,0,0,356,356,0,0,173,173,0,0,258,266,0,0,285,291,0,0,242,242,0,0,260,264,0,0
Mich7033,Michoacan_2001/2010,110,110,0,0,0,0,0,0,166,170,0,0,213,217,0,0,279,279,0,0,189,192,0,0,356,356,0,0,173,175,0,0,268,270,0,0,285,285,0,0,242,244,0,0,264,264,0,0
Mich7034,Michoacan_2001/2010,136,228,230,0,154,164,0,0,166,170,0,0,205,205,0,0,279,279,0,0,189,192,0,0,341,356,0,0,173,173,0,0,266,268,0,0,285,303,0,0,242,244,0,0,260,260,0,0
Mich7035,Michoacan_2001/2010,108,108,0,0,156,156,0,0,166,170,0,0,217,225,0,0,279,279,0,0,192,192,0,0,341,356,0,0,173,173,0,0,266,266,0,0,291,301,0,0,244,244,0,0,260,260,0,0
Mich7038,Michoacan_2001/2010,0,0,0,0,156,156,0,0,168,168,0,0,213,217,0,0,273,279,0,0,189,192,0,0,341,356,0,0,175,175,0,0,268,268,0,0,285,291,0,0,242,244,0,0,260,266,0,0
Mich7039,Michoacan_2001/2010,144,144,0,0,164,164,0,0,166,170,0,0,213,213,0,0,279,279,0,0,192,192,0,0,356,356,0,0,173,173,0,0,258,258,0,0,285,291,0,0,242,242,0,0,260,266,0,0
Mich7041,Michoacan_2001/2010,110,110,0,0,156,164,0,0,168,168,0,0,215,215,0,0,273,273,0,0,192,192,0,0,331,356,0,0,173,173,0,0,264,264,0,0,289,305,0,0,242,242,0,0,260,264,0,0
Mich7043,Michoacan_2001/2010,228,230,0,0,164,202,0,0,166,170,0,0,213,217,0,0,279,279,0,0,192,192,0,0,356,356,0,0,173,173,0,0,268,268,0,0,285,285,0,0,246,246,0,0,260,264,0,0
Mich7045,Michoacan_2001/2010,110,110,0,0,156,156,0,0,166,170,0,0,217,217,0,0,273,279,0,0,192,192,0,0,356,356,0,0,173,173,0,0,266,268,0,0,285,301,0,0,244,244,0,0,264,264,0,0
Mich7047,Michoacan_2001/2010,228,230,0,0,156,156,0,0,166,166,0,0,213,217,0,0,279,279,0,0,192,192,0,0,341,341,0,0,173,173,0,0,268,268,0,0,285,305,0,0,242,242,0,0,264,266,0,0
Mich7054,Michoacan_2001/2010,0,0,0,0,0,0,0,0,166,170,0,0,205,213,0,0,273,279,0,0,192,192,0,0,356,356,0,0,173,173,0,0,266,268,0,0,293,293,0,0,236,242,0,0,264,266,0,0
Mich7055,Michoacan_2001/2010,110,110,0,0,156,156,0,0,166,170,0,0,213,217,0,0,279,279,0,0,192,192,0,0,356,356,0,0,173,175,0,0,266,268,0,0,285,307,0,0,236,244,0,0,264,264,0,0
Mich7056,Michoacan_2001/2010,108,228,230,0,160,164,0,0,166,170,0,0,213,213,0,0,273,273,0,0,192,192,0,0,341,356,0,0,173,173,0,0,268,268,0,0,285,291,0,0,242,242,0,0,264,264,0,0
Mich7057,Michoacan_2001/2010,108,110,0,0,156,164,0,0,166,166,0,0,217,217,0,0,279,279,0,0,189,192,0,0,356,356,0,0,173,173,0,0,258,266,0,0,285,291,0,0,244,244,0,0,260,260,0,0
Mich7058,Michoacan_2001/2010,108,110,0,0,156,162,0,0,166,166,0,0,217,217,0,0,279,279,0,0,189,192,0,0,356,356,0,0,173,173,0,0,258,266,0,0,285,291,0,0,244,244,0,0,260,260,0,0
Mich7059,Michoacan_2001/2010,110,110,0,0,156,164,0,0,166,170,0,0,205,213,0,0,279,279,0,0,192,192,0,0,341,356,0,0,173,173,0,0,268,270,0,0,285,291,0,0,244,244,0,0,260,264,0,0
Mich7060,Michoacan_2001/2010,108,140,0,0,154,156,0,0,168,168,0,0,205,215,0,0,273,279,0,0,192,192,0,0,356,356,0,0,173,173,0,0,258,264,0,0,285,285,0,0,244,244,0,0,264,264,0,0
Mich7061,Michoacan_2001/2010,108,228,230,0,164,164,0,0,166,170,0,0,213,217,0,0,273,279,0,0,192,192,0,0,356,356,0,0,173,175,0,0,266,268,0,0,285,285,0,0,242,244,0,0,264,266,0,0
Mich7062,Michoacan_2001/2010,108,108,0,0,156,156,0,0,168,168,0,0,217,217,0,0,279,279,0,0,192,192,0,0,356,356,0,0,173,173,0,0,266,266,0,0,291,291,0,0,244,244,0,0,264,264,0,0
Mich7063,Michoacan_2001/2010,108,108,0,0,156,156,0,0,168,168,0,0,217,217,0,0,279,279,0,0,192,192,0,0,356,356,0,0,173,173,0,0,266,266,0,0,291,291,0,0,244,244,0,0,264,264,0,0
Mich7068,Michoacan_2001/2010,110,110,0,0,156,156,0,0,166,170,0,0,205,213,0,0,273,279,0,0,192,192,0,0,356,356,0,0,173,175,0,0,268,268,0,0,285,293,0,0,244,244,0,0,260,264,0,0
Mich7071,Michoacan_2001/2010,110,110,0,0,156,156,0,0,166,170,0,0,205,213,0,0,273,279,0,0,192,192,0,0,356,356,0,0,173,175,0,0,268,268,0,0,285,293,0,0,244,244,0,0,260,264,0,0
Mich7072,Michoacan_2001/2010,108,110,0,0,202,202,0,0,166,170,0,0,213,217,0,0,273,273,0,0,192,192,0,0,356,356,0,0,173,175,0,0,264,268,0,0,291,295,0,0,236,244,0,0,260,264,0,0
Mich7075,Michoacan_2001/2010,110,110,0,0,156,156,0,0,166,170,0,0,205,213,0,0,273,279,0,0,192,192,0,0,356,356,0,0,173,175,0,0,268,268,0,0,285,293,0,0,244,244,0,0,260,264,0,0
Mich7077,Michoacan_2001/2010,110,110,0,0,162,162,0,0,168,168,0,0,213,217,0,0,273,279,0,0,192,192,0,0,356,356,0,0,173,173,0,0,268,268,0,0,285,291,0,0,242,244,0,0,260,266,0,0
Mich7078,Michoacan_2001/2010,110,142,0,0,0,0,0,0,166,170,0,0,213,213,0,0,273,279,0,0,192,192,0,0,356,356,0,0,175,175,0,0,268,268,0,0,285,285,0,0,236,236,0,0,260,260,0,0
Mich7079,Michoacan_2001/2010,142,144,0,0,0,0,0,0,166,170,0,0,209,217,0,0,273,279,0,0,192,192,0,0,356,356,0,0,173,175,0,0,264,266,0,0,285,301,0,0,242,244,0,0,260,264,0,0
Mich7081,Michoacan_2001/2010,108,108,0,0,0,0,0,0,168,168,0,0,205,213,0,0,273,279,0,0,189,192,0,0,356,356,0,0,173,175,0,0,268,268,0,0,289,295,0,0,236,242,0,0,266,266,0,0
Mich7082,Michoacan_2001/2010,110,110,0,0,156,156,0,0,166,170,0,0,205,213,0,0,273,279,0,0,192,192,0,0,356,356,0,0,173,175,0,0,268,268,0,0,285,293,0,0,244,244,0,0,260,264,0,0
Mich7084,Michoacan_2001/2010,110,110,0,0,162,162,0,0,168,168,0,0,213,217,0,0,273,279,0,0,192,192,0,0,356,356,0,0,173,173,0,0,268,268,0,0,285,291,0,0,242,244,0,0,260,266,0,0
Mich7088,Michoacan_2001/2010,108,110,0,0,0,0,0,0,166,170,0,0,213,213,0,0,279,279,0,0,192,192,0,0,356,356,0,0,173,173,0,0,266,268,0,0,285,291,0,0,242,244,0,0,264,266,0,0
Mich7089,Michoacan_2001/2010,108,108,0,0,134,134,0,0,166,170,0,0,213,217,0,0,279,279,0,0,192,192,0,0,341,356,0,0,173,173,0,0,266,266,0,0,285,285,0,0,236,242,0,0,260,264,0,0
Mich7094,Michoacan_2001/2010,142,144,0,0,0,0,0,0,166,170,0,0,209,217,0,0,273,279,0,0,192,192,0,0,356,356,0,0,173,175,0,0,264,266,0,0,285,301,0,0,242,244,0,0,260,264,0,0
Mich7095,Michoacan_2001/2010,228,230,0,0,154,202,0,0,166,170,0,0,213,213,0,0,273,279,0,0,192,192,0,0,341,356,0,0,173,175,0,0,268,268,0,0,291,297,0,0,242,244,0,0,260,264,0,0
PA-37,Michoacan_2001/2010,108,108,0,0,0,0,0,0,166,170,0,0,213,213,0,0,273,273,0,0,192,192,0,0,341,341,0,0,173,175,0,0,268,268,0,0,289,309,0,0,244,244,0,0,260,264,0,0
PA-5,Michoacan_2001/2010,228,230,0,0,156,164,0,0,166,170,0,0,205,205,0,0,279,279,0,0,192,192,0,0,356,356,0,0,173,173,0,0,266,270,0,0,289,311,0,0,244,244,0,0,260,266,0,0
T50,Tlaxcala_2007,168,168,0,0,156,206,0,0,170,170,0,0,213,217,0,0,270,279,0,0,189,192,0,0,356,356,0,0,173,175,0,0,256,266,0,0,289,295,0,0,244,244,0,0,260,260,0,0
T81,Tlaxcala_2007,0,0,0,0,162,216,0,0,166,166,0,0,209,213,217,0,270,279,0,0,189,192,0,0,341,341,0,0,173,177,0,0,264,268,0,0,291,291,0,0,244,244,0,0,260,264,0,0
Tlax701,Tlaxcala_2007,190,190,0,0,162,162,0,0,170,170,0,0,213,213,0,0,279,279,0,0,192,192,0,0,341,356,0,0,173,173,0,0,268,270,0,0,291,297,0,0,244,250,0,0,260,260,0,0
Tlax702,Tlaxcala_2007,122,122,0,0,0,0,0,0,166,170,0,0,209,213,0,0,279,279,0,0,192,192,0,0,341,356,0,0,173,173,0,0,258,268,0,0,289,291,0,0,244,244,0,0,264,264,0,0
Tlax703,Tlaxcala_2007,180,182,0,0,154,162,0,0,170,170,0,0,213,217,0,0,273,279,0,0,192,192,0,0,341,341,0,0,173,177,0,0,266,266,0,0,289,289,0,0,244,244,0,0,260,266,0,0
Tlax704,Tlaxcala_2007,190,190,0,0,162,162,0,0,170,170,0,0,213,213,0,0,279,279,0,0,192,192,0,0,341,356,0,0,173,173,0,0,270,270,0,0,291,297,0,0,244,250,0,0,260,260,0,0
Tlax705,Tlaxcala_2007,112,136,0,0,206,206,0,0,170,170,0,0,213,217,223,0,279,279,0,0,192,192,0,0,341,356,0,0,173,173,0,0,262,268,0,0,291,291,0,0,244,244,0,0,266,266,0,0
Tlax706,Tlaxcala_2007,122,122,0,0,0,0,0,0,166,170,0,0,209,213,0,0,279,279,0,0,192,192,0,0,341,356,0,0,173,173,0,0,258,268,0,0,289,291,0,0,244,244,0,0,264,264,0,0
Tlax707,Tlaxcala_2007,122,122,0,0,0,0,0,0,166,170,0,0,209,213,0,0,279,279,0,0,192,192,0,0,341,356,0,0,173,173,0,0,258,268,0,0,289,291,0,0,244,244,0,0,264,264,0,0
Tlax708,Tlaxcala_2007,0,0,0,0,154,166,0,0,170,170,0,0,209,223,0,0,273,279,0,0,192,192,0,0,341,356,0,0,175,175,0,0,256,268,0,0,291,295,0,0,244,250,0,0,264,264,0,0
Tlax709,Tlaxcala_2007,190,190,0,0,162,162,0,0,170,170,0,0,213,213,0,0,279,279,0,0,192,192,0,0,341,356,0,0,173,173,0,0,268,270,0,0,291,297,0,0,244,250,0,0,260,260,0,0
Tlax710,Tlaxcala_2007,172,172,0,0,162,162,0,0,170,170,0,0,213,213,0,0,273,279,0,0,189,192,0,0,356,356,0,0,173,177,0,0,268,270,0,0,289,289,0,0,244,244,0,0,260,272,0,0
Tlax712,Tlaxcala_2007,190,190,0,0,162,162,0,0,170,170,0,0,213,213,0,0,279,279,0,0,192,192,0,0,341,356,0,0,173,173,0,0,270,270,0,0,291,297,0,0,244,250,0,0,260,260,0,0
Tlax713,Tlaxcala_2007,136,136,0,0,162,162,0,0,166,170,0,0,213,213,0,0,279,279,0,0,192,192,0,0,341,341,0,0,175,175,0,0,262,266,0,0,291,291,0,0,244,244,0,0,266,266,0,0
Tlax714,Tlaxcala_2007,180,182,0,0,154,162,0,0,170,170,0,0,213,217,0,0,273,279,0,0,192,192,0,0,341,341,0,0,173,177,0,0,256,266,0,0,289,289,0,0,244,244,0,0,260,266,0,0
Tlax715,Tlaxcala_2007,0,0,0,0,160,160,0,0,170,170,0,0,213,213,0,0,279,279,0,0,189,192,0,0,341,341,0,0,173,173,0,0,262,270,0,0,289,293,0,0,244,244,0,0,260,264,0,0
Tlax716,Tlaxcala_2007,0,0,0,0,156,156,0,0,166,170,0,0,213,213,0,0,273,279,0,0,189,192,0,0,356,356,0,0,173,177,0,0,262,270,0,0,291,291,0,0,244,244,0,0,266,272,0,0
Tlax717,Tlaxcala_2007,0,0,0,0,154,154,0,0,166,170,0,0,213,217,0,0,279,279,0,0,192,192,0,0,341,356,0,0,173,173,0,0,266,268,0,0,291,295,0,0,244,244,0,0,266,266,0,0
Tlax718,Tlaxcala_2007,144,144,0,0,156,162,0,0,170,170,0,0,209,209,0,0,270,279,0,0,189,192,0,0,341,341,0,0,173,173,0,0,268,268,0,0,289,293,0,0,244,244,0,0,260,264,0,0
Tlax719,Tlaxcala_2007,0,0,0,0,154,154,0,0,166,170,0,0,213,217,0,0,279,279,0,0,192,192,0,0,341,356,0,0,173,173,0,0,266,268,0,0,291,295,0,0,244,244,0,0,266,266,0,0
Tlax722,Tlaxcala_2007,140,140,0,0,156,156,0,0,170,170,0,0,209,209,0,0,270,279,0,0,192,192,0,0,341,341,0,0,173,173,0,0,258,268,0,0,299,299,0,0,244,250,0,0,260,264,0,0
Tlax723,Tlaxcala_2007,176,178,0,0,206,206,0,0,170,170,0,0,213,213,0,0,270,270,0,0,189,192,0,0,341,346,0,0,177,177,0,0,262,262,0,0,289,291,0,0,244,244,0,0,260,260,0,0
Tlax724,Tlaxcala_2007,176,178,190,0,156,156,0,0,170,170,0,0,209,213,0,0,270,279,0,0,192,192,0,0,341,356,0,0,173,173,0,0,266,266,0,0,291,291,0,0,244,244,0,0,264,266,0,0
Tlax725,Tlaxcala_2007,144,144,0,0,162,212,0,0,166,166,0,0,213,213,0,0,270,273,0,0,192,192,0,0,341,356,0,0,173,177,0,0,268,270,0,0,289,291,0,0,242,244,0,0,260,266,0,0
Tlax726,Tlaxcala_2007,122,122,0,0,0,0,0,0,166,170,0,0,209,213,0,0,279,279,0,0,192,192,0,0,341,356,0,0,173,173,0,0,258,268,0,0,289,291,0,0,244,244,0,0,264,264,0,0
Tlax728,Tlaxcala_2007,140,140,0,0,164,164,0,0,166,170,0,0,213,217,0,0,279,279,0,0,192,192,0,0,341,341,0,0,175,177,0,0,256,268,0,0,291,291,0,0,242,244,0,0,260,266,0,0
Tlax729,Tlaxcala_2007,176,178,0,0,162,162,0,0,166,170,0,0,209,213,0,0,273,279,0,0,192,192,0,0,341,346,0,0,173,173,0,0,268,270,0,0,289,295,0,0,244,244,0,0,266,266,0,0
Tlax730,Tlaxcala_2007,0,0,0,0,156,222,0,0,166,170,0,0,213,213,0,0,270,279,0,0,189,192,0,0,341,356,0,0,173,175,0,0,268,270,0,0,293,297,0,0,244,244,0,0,266,266,0,0
Tlax731,Tlaxcala_2007,144,144,0,0,156,156,0,0,168,168,0,0,209,213,0,0,273,273,0,0,189,192,0,0,346,356,0,0,173,173,0,0,268,270,0,0,293,293,0,0,242,244,0,0,266,272,0,0
Tlax732,Tlaxcala_2007,136,174,176,0,160,160,0,0,166,170,0,0,213,213,0,0,273,279,0,0,189,189,0,0,341,341,0,0,173,173,0,0,258,268,0,0,295,295,0,0,240,244,0,0,264,266,0,0
Tlax733,Tlaxcala_2007,0,0,0,0,154,160,0,0,170,170,0,0,209,217,0,0,279,279,0,0,192,192,0,0,341,346,0,0,173,173,0,0,266,268,0,0,289,291,0,0,244,244,0,0,260,266,0,0
Tlax735,Tlaxcala_2007,0,0,0,0,154,206,0,0,166,170,0,0,209,213,0,0,270,279,0,0,189,192,0,0,341,341,0,0,173,175,0,0,270,270,0,0,289,295,0,0,244,244,0,0,264,264,0,0
Tlax736,Tlaxcala_2007,0,0,0,0,154,160,0,0,170,170,0,0,209,217,0,0,279,279,0,0,192,192,0,0,341,346,0,0,173,173,0,0,266,268,0,0,289,291,0,0,244,244,0,0,260,266,0,0
Tlax737,Tlaxcala_2007,176,178,0,0,156,160,0,0,166,170,0,0,213,213,0,0,273,279,0,0,192,192,0,0,341,356,0,0,173,173,0,0,268,270,0,0,295,309,0,0,244,250,0,0,260,260,0,0
Tlax738,Tlaxcala_2007,136,178,0,0,156,156,0,0,166,170,0,0,209,209,0,0,279,279,0,0,192,192,0,0,341,341,0,0,173,173,0,0,258,264,0,0,289,293,0,0,242,250,0,0,260,266,0,0
Tlax739,Tlaxcala_2007,140,140,0,0,154,154,0,0,168,168,0,0,213,217,0,0,270,279,0,0,192,192,0,0,341,341,0,0,173,173,0,0,258,268,0,0,289,291,0,0,244,244,0,0,260,266,0,0
Tlax740,Tlaxcala_2007,136,176,178,0,154,162,0,0,168,168,0,0,209,213,0,0,270,279,0,0,189,192,0,0,341,356,0,0,173,175,0,0,262,268,0,0,291,295,0,0,244,244,0,0,266,266,0,0
Tlax741,Tlaxcala_2007,144,144,0,0,0,0,0,0,170,170,0,0,209,213,0,0,270,279,0,0,192,192,0,0,356,356,0,0,173,175,0,0,258,270,0,0,291,291,0,0,244,244,0,0,260,266,0,0
Tlax742,Tlaxcala_2007,0,0,0,0,154,154,0,0,170,170,0,0,209,213,0,0,270,279,0,0,192,192,0,0,356,356,0,0,173,175,0,0,270,270,0,0,291,291,0,0,244,244,0,0,260,266,0,0
Tlax743,Tlaxcala_2007,0,0,0,0,156,162,0,0,166,170,0,0,209,209,0,0,279,279,0,0,192,192,0,0,341,341,0,0,173,175,0,0,262,266,0,0,291,293,0,0,244,244,0,0,260,264,0,0
Tlax744,Tlaxcala_2007,0,0,0,0,160,162,0,0,168,168,0,0,209,217,0,0,270,279,0,0,189,192,0,0,341,346,0,0,175,177,0,0,268,268,0,0,291,295,0,0,244,244,0,0,260,260,0,0
Tlax745,Tlaxcala_2007,136,140,0,0,0,0,0,0,170,170,0,0,213,217,0,0,279,279,0,0,192,192,0,0,341,356,0,0,173,175,0,0,266,268,0,0,289,291,0,0,242,244,0,0,260,264,0,0
Tlax746,Tlaxcala_2007,0,0,0,0,160,162,0,0,168,168,0,0,209,217,0,0,270,279,0,0,189,192,0,0,341,346,0,0,175,175,0,0,258,268,0,0,291,295,0,0,244,244,0,0,260,260,0,0
Tlax747,Tlaxcala_2007,0,0,0,0,162,206,0,0,166,166,0,0,209,213,0,0,270,279,0,0,192,192,0,0,331,356,0,0,173,175,0,0,268,268,0,0,289,295,0,0,244,244,0,0,260,266,0,0
Tlax748,Tlaxcala_2007,140,144,0,0,156,156,0,0,170,170,0,0,209,209,0,0,273,279,0,0,192,192,0,0,341,341,0,0,175,175,0,0,266,268,0,0,289,313,0,0,244,244,0,0,266,266,0,0
Tlax749,Tlaxcala_2007,176,178,0,0,154,154,0,0,170,170,0,0,213,217,0,0,279,279,0,0,192,192,0,0,341,356,0,0,173,175,0,0,258,266,0,0,291,291,0,0,244,244,0,0,260,266,0,0
Tlax751,Tlaxcala_2007,0,0,0,0,130,206,0,0,166,170,0,0,209,217,0,0,279,279,0,0,189,192,0,0,341,346,0,0,173,175,0,0,256,268,0,0,289,291,0,0,244,250,0,0,266,266,0,0
Tlax753,Tlaxcala_2007,172,174,0,0,0,0,0,0,166,170,0,0,209,223,0,0,279,279,0,0,192,192,0,0,346,356,0,0,173,173,0,0,256,268,0,0,291,291,0,0,244,244,0,0,264,266,0,0
Tlax755,Tlaxcala_2007,0,0,0,0,0,0,0,0,170,170,0,0,209,217,0,0,270,270,0,0,192,192,0,0,341,341,0,0,173,173,0,0,266,266,0,0,289,299,0,0,244,244,0,0,260,264,0,0
Tlax756,Tlaxcala_2007,0,0,0,0,0,0,0,0,170,170,0,0,209,217,0,0,270,270,0,0,192,192,0,0,341,341,0,0,173,173,0,0,266,268,0,0,289,299,0,0,244,244,0,0,260,264,0,0
Tlax758,Tlaxcala_2007,0,0,0,0,0,0,0,0,170,170,0,0,209,217,0,0,270,270,0,0,192,192,0,0,341,341,0,0,173,173,0,0,266,268,0,0,289,299,0,0,244,244,0,0,260,264,0,0
Tlax759,Tlaxcala_2007,0,0,0,0,160,160,0,0,170,170,0,0,213,213,0,0,273,279,0,0,189,192,0,0,341,356,0,0,177,177,0,0,268,268,0,0,291,297,0,0,244,244,0,0,260,264,0,0
Tlax760,Tlaxcala_2007,0,0,0,0,160,162,0,0,168,168,0,0,209,217,0,0,270,279,0,0,189,192,0,0,341,346,0,0,175,177,0,0,258,268,0,0,291,295,0,0,244,244,0,0,260,260,0,0
Tlax761,Tlaxcala_2007,136,136,0,0,156,156,0,0,170,170,0,0,209,213,0,0,270,279,0,0,189,192,0,0,341,341,0,0,173,175,0,0,268,270,0,0,291,291,0,0,244,244,0,0,260,266,0,0
Tlax762,Tlaxcala_2007,176,176,0,0,156,206,0,0,166,170,0,0,213,213,0,0,279,279,0,0,189,192,0,0,341,341,0,0,173,173,0,0,258,266,0,0,291,299,0,0,244,244,0,0,264,266,0,0
Pic_97008,Toluca_1997,112,112,0,0,166,200,0,0,166,170,0,0,213,225,0,0,279,279,0,0,192,192,0,0,341,356,0,0,173,173,0,0,266,268,0,0,289,289,0,0,244,244,0,0,260,266,0,0
Pic_97066,Toluca_1997,0,0,0,0,156,158,0,0,166,170,0,0,213,217,0,0,279,279,0,0,192,192,0,0,341,356,0,0,173,173,0,0,266,268,0,0,291,291,0,0,236,244,0,0,260,260,0,0
Pic_97106,Toluca_1997,146,148,0,0,164,164,0,0,166,170,0,0,217,217,0,0,279,279,0,0,192,192,0,0,341,356,0,0,173,173,0,0,266,268,0,0,289,295,0,0,244,244,0,0,260,266,0,0
Pic_97111,Toluca_1997,136,136,0,0,156,206,0,0,166,170,0,0,213,213,0,0,279,279,0,0,192,192,0,0,341,356,0,0,173,173,0,0,268,268,0,0,289,291,0,0,244,244,0,0,266,266,0,0
Pic_97130,Toluca_1997,148,148,0,0,156,156,0,0,166,170,0,0,213,217,0,0,279,279,0,0,192,192,0,0,341,341,0,0,173,173,0,0,266,266,0,0,289,291,0,0,244,244,0,0,266,266,0,0
Pic_97136,Toluca_1997,144,144,0,0,156,164,0,0,166,170,0,0,213,213,0,0,273,273,0,0,189,189,0,0,341,356,0,0,173,173,0,0,266,266,0,0,291,293,0,0,244,252,0,0,260,266,0,0
Pic_97146,Toluca_1997,118,118,0,0,204,208,0,0,170,170,0,0,213,213,0,0,279,279,0,0,192,192,0,0,341,341,0,0,173,173,0,0,266,266,0,0,289,289,0,0,244,244,0,0,260,264,0,0
Pic_97149,Toluca_1997,140,140,0,0,156,206,0,0,166,170,0,0,209,213,0,0,273,279,0,0,192,192,0,0,341,341,0,0,173,173,0,0,266,268,0,0,289,289,0,0,244,244,0,0,260,264,0,0
Pic_97153,Toluca_1997,144,144,0,0,166,206,0,0,166,170,0,0,217,217,0,0,279,279,0,0,192,192,0,0,341,356,0,0,173,173,0,0,266,266,0,0,289,289,0,0,244,244,0,0,266,266,0,0
Pic_97159,Toluca_1997,140,140,0,0,164,204,0,0,166,170,0,0,217,217,0,0,279,279,0,0,189,192,0,0,341,356,0,0,173,173,0,0,266,268,0,0,289,289,0,0,240,244,0,0,260,260,0,0
Pic_97187,Toluca_1997,112,138,0,0,156,206,0,0,166,170,0,0,217,217,0,0,273,279,0,0,192,192,0,0,341,356,0,0,175,175,0,0,266,276,0,0,289,289,0,0,244,244,0,0,266,266,0,0
Pic_97310,Toluca_1997,136,144,0,0,154,160,162,0,166,170,0,0,209,213,0,0,279,279,0,0,189,192,0,0,341,346,356,0,173,175,177,0,258,268,0,0,291,293,299,0,244,244,0,0,260,264,266,0
Pic_97318,Toluca_1997,176,178,0,0,156,160,0,0,166,170,0,0,209,213,0,0,273,279,0,0,192,192,0,0,341,356,0,0,173,173,0,0,266,266,0,0,285,285,0,0,244,244,0,0,266,272,0,0
Pic_97335,Toluca_1997,112,134,0,0,160,206,0,0,168,168,0,0,209,213,0,0,279,279,0,0,192,192,0,0,341,356,0,0,173,173,0,0,266,268,0,0,289,295,0,0,244,244,0,0,260,266,0,0
Pic_97340,Toluca_1997,136,136,0,0,156,206,0,0,166,170,0,0,209,213,0,0,279,279,0,0,192,192,0,0,341,356,0,0,173,173,0,0,266,268,0,0,289,295,0,0,242,244,0,0,260,266,0,0
Pic_97392,Toluca_1997,0,0,0,0,154,206,0,0,166,170,0,0,209,213,0,0,270,279,0,0,192,192,0,0,356,356,0,0,173,173,0,0,266,268,0,0,285,289,0,0,244,258,0,0,260,266,0,0
Pic_97423,Toluca_1997,134,140,150,0,156,158,206,0,166,170,0,0,213,213,0,0,279,279,0,0,192,192,0,0,341,341,0,0,173,173,0,0,266,266,0,0,289,293,295,0,242,244,0,0,260,266,0,0
Pic_97432,Toluca_1997,136,136,0,0,156,156,0,0,166,170,0,0,213,213,0,0,273,273,0,0,192,192,0,0,341,356,0,0,173,173,0,0,266,266,0,0,289,289,0,0,244,244,0,0,260,260,0,0
Pic_97438,Toluca_1997,110,166,0,0,156,208,0,0,168,168,0,0,217,221,0,0,273,279,0,0,189,192,0,0,341,356,0,0,173,173,0,0,266,268,0,0,291,291,0,0,244,244,0,0,260,266,0,0
Pic_97442,Toluca_1997,0,0,0,0,156,162,0,0,166,170,0,0,213,225,0,0,279,279,0,0,192,192,0,0,341,356,0,0,173,173,0,0,266,266,0,0,289,289,0,0,244,244,0,0,260,266,0,0
Pic_97716,Toluca_1997,112,144,0,0,156,156,0,0,166,170,0,0,209,213,0,0,279,279,0,0,192,192,0,0,341,356,0,0,173,175,0,0,264,266,0,0,289,293,0,0,244,254,0,0,260,266,0,0
Pic_97724,Toluca_1997,0,0,0,0,156,212,0,0,166,170,0,0,213,213,0,0,279,279,0,0,189,189,0,0,341,356,0,0,173,173,0,0,266,266,0,0,289,289,0,0,244,244,0,0,266,266,0,0
Pic_97727,Toluca_1997,136,136,0,0,156,160,0,0,168,168,0,0,213,213,0,0,279,279,0,0,192,192,0,0,341,356,0,0,173,173,0,0,268,268,0,0,289,289,0,0,244,252,0,0,260,260,0,0
Pic_97744,Toluca_1997,136,164,166,0,206,206,0,0,166,170,0,0,213,213,0,0,279,279,0,0,192,192,0,0,356,356,0,0,173,173,0,0,264,266,0,0,289,289,0,0,242,244,0,0,260,260,0,0
Pic_97748,Toluca_1997,136,164,166,0,156,206,0,0,166,170,0,0,213,213,0,0,279,279,0,0,192,192,0,0,356,356,0,0,173,173,0,0,264,266,0,0,289,289,0,0,242,244,0,0,260,260,0,0
Pic_97749,Toluca_1997,136,164,166,0,156,206,0,0,166,170,0,0,213,213,0,0,279,279,0,0,192,192,0,0,356,356,0,0,173,173,0,0,264,266,0,0,289,289,0,0,242,244,0,0,260,260,0,0
Pic_97750,Toluca_1997,136,164,166,0,156,206,0,0,166,170,0,0,213,213,0,0,279,279,0,0,192,192,0,0,356,356,0,0,173,173,0,0,264,266,0,0,289,289,0,0,242,244,0,0,260,260,0,0
Pic_97751,Toluca_1997,136,164,166,0,156,206,0,0,166,170,0,0,213,213,0,0,279,279,0,0,192,192,0,0,356,356,0,0,173,173,0,0,264,266,0,0,289,289,0,0,242,244,0,0,260,260,0,0
Pic_97785,Toluca_1997,136,142,0,0,156,166,0,0,170,170,0,0,213,213,0,0,279,279,0,0,192,192,0,0,356,356,0,0,173,173,0,0,266,270,0,0,289,289,0,0,244,244,0,0,260,266,0,0
Pic_97791,Toluca_1997,136,142,0,0,156,166,0,0,170,170,0,0,213,213,0,0,279,279,0,0,192,192,0,0,356,356,0,0,173,173,0,0,266,270,0,0,289,289,0,0,244,244,0,0,260,266,0,0
Pic_97793,Toluca_1997,136,142,0,0,156,166,0,0,170,170,0,0,213,213,0,0,279,279,0,0,192,192,0,0,356,356,0,0,173,173,0,0,266,270,0,0,289,289,0,0,244,244,0,0,260,266,0,0
